edad,fecha,primera_dosis,cantidad,cobertura_procentual
<50,2020-12-24,369,369,0.0
<50,2020-12-25,4183,4552,0.05
<50,2020-12-26,2733,7285,0.08
<50,2020-12-27,258,7543,0.08
<50,2020-12-28,0,7543,0.08
<50,2020-12-29,0,7543,0.08
<50,2020-12-30,0,7543,0.08
<50,2020-12-31,0,7543,0.08
<50,2021-01-01,0,7543,0.08
<50,2021-01-02,0,7543,0.08
<50,2021-01-03,0,7543,0.08
<50,2021-01-04,369,7912,0.08
<50,2021-01-05,1278,9190,0.1
<50,2021-01-06,178,9368,0.1
<50,2021-01-07,0,9368,0.1
<50,2021-01-08,1,9369,0.1
<50,2021-01-09,0,9369,0.1
<50,2021-01-10,0,9369,0.1
<50,2021-01-11,0,9369,0.1
<50,2021-01-12,0,9369,0.1
<50,2021-01-13,1,9370,0.1
<50,2021-01-14,1822,11192,0.12
<50,2021-01-15,843,12035,0.13
<50,2021-01-16,19,12054,0.13
<50,2021-01-17,0,12054,0.13
<50,2021-01-18,8866,20920,0.22
<50,2021-01-19,15587,36507,0.39
<50,2021-01-20,7271,43778,0.47
<50,2021-01-21,2378,46156,0.49
<50,2021-01-22,297,46453,0.5
<50,2021-01-23,0,46453,0.5
<50,2021-01-24,0,46453,0.5
<50,2021-01-25,15,46468,0.5
<50,2021-01-26,5,46473,0.5
<50,2021-01-27,0,46473,0.5
<50,2021-01-28,0,46473,0.5
<50,2021-01-29,0,46473,0.5
<50,2021-01-30,1,46474,0.5
<50,2021-01-31,0,46474,0.5
<50,2021-02-01,1,46475,0.5
<50,2021-02-02,10724,57199,0.61
<50,2021-02-03,86410,143609,1.54
<50,2021-02-04,66058,209667,2.25
<50,2021-02-05,57472,267139,2.86
<50,2021-02-06,7519,274658,2.94
<50,2021-02-07,1300,275958,2.96
<50,2021-02-08,45132,321090,3.44
<50,2021-02-09,53688,374778,4.01
<50,2021-02-10,57931,432709,4.63
<50,2021-02-11,58384,491093,5.26
<50,2021-02-12,49906,540999,5.79
<50,2021-02-13,9889,550888,5.9
<50,2021-02-14,1026,551914,5.91
<50,2021-02-15,48832,600746,6.43
<50,2021-02-16,51992,652738,6.99
<50,2021-02-17,42247,694985,7.44
<50,2021-02-18,31260,726245,7.78
<50,2021-02-19,25180,751425,8.05
<50,2021-02-20,2222,753647,8.07
<50,2021-02-21,369,754016,8.08
<50,2021-02-22,14633,768649,8.23
<50,2021-02-23,16277,784926,8.41
<50,2021-02-24,41316,826242,8.85
<50,2021-02-25,46226,872468,9.35
<50,2021-02-26,35942,908410,9.73
<50,2021-02-27,6503,914913,9.8
<50,2021-02-28,146,915059,9.8
<50,2021-03-01,44200,959259,10.27
<50,2021-03-02,53983,1013242,10.85
<50,2021-03-03,50842,1064084,11.4
<50,2021-03-04,38205,1102289,11.81
<50,2021-03-05,26731,1129020,12.09
<50,2021-03-06,2676,1131696,12.12
<50,2021-03-07,263,1131959,12.12
<50,2021-03-08,14668,1146627,12.28
<50,2021-03-09,16541,1163168,12.46
<50,2021-03-10,18874,1182042,12.66
<50,2021-03-11,26390,1208432,12.94
<50,2021-03-12,79890,1288322,13.8
<50,2021-03-13,6640,1294962,13.87
<50,2021-03-14,847,1295809,13.88
<50,2021-03-15,97691,1393500,14.93
<50,2021-03-16,114185,1507685,16.15
<50,2021-03-17,106396,1614081,17.29
<50,2021-03-18,109426,1723507,18.46
<50,2021-03-19,100990,1824497,19.54
<50,2021-03-20,15739,1840236,19.71
<50,2021-03-21,1904,1842140,19.73
<50,2021-03-22,97738,1939878,20.78
<50,2021-03-23,108691,2048569,21.94
<50,2021-03-24,74744,2123313,22.74
<50,2021-03-25,76886,2200199,23.57
<50,2021-03-26,85377,2285576,24.48
<50,2021-03-27,7772,2293348,24.56
<50,2021-03-28,592,2293940,24.57
<50,2021-03-29,48772,2342712,25.09
<50,2021-03-30,48069,2390781,25.61
<50,2021-03-31,49756,2440537,26.14
<50,2021-04-01,45283,2485820,26.63
<50,2021-04-02,1012,2486832,26.64
<50,2021-04-03,1129,2487961,26.65
<50,2021-04-04,388,2488349,26.65
<50,2021-04-05,36699,2525048,27.05
<50,2021-04-06,36092,2561140,27.43
<50,2021-04-07,35841,2596981,27.82
<50,2021-04-08,35785,2632766,28.2
<50,2021-04-09,36062,2668828,28.59
<50,2021-04-10,5611,2674439,28.65
<50,2021-04-11,684,2675123,28.65
<50,2021-04-12,56210,2731333,29.26
<50,2021-04-13,55313,2786646,29.85
<50,2021-04-14,63454,2850100,30.53
<50,2021-04-15,47392,2897492,31.04
<50,2021-04-16,38987,2936479,31.45
<50,2021-04-17,5423,2941902,31.51
<50,2021-04-18,724,2942626,31.52
<50,2021-04-19,26025,2968651,31.8
<50,2021-04-20,22997,2991648,32.04
<50,2021-04-21,18100,3009748,32.24
<50,2021-04-22,44868,3054616,32.72
<50,2021-04-23,28571,3083187,33.02
<50,2021-04-24,3775,3086962,33.07
<50,2021-04-25,221,3087183,33.07
<50,2021-04-26,35801,3122984,33.45
<50,2021-04-27,33421,3156405,33.81
<50,2021-04-28,38721,3195126,34.22
<50,2021-04-29,26345,3221471,34.51
<50,2021-04-30,36779,3258250,34.9
<50,2021-05-01,913,3259163,34.91
<50,2021-05-02,628,3259791,34.92
<50,2021-05-03,66365,3326156,35.63
<50,2021-05-04,72641,3398797,36.41
<50,2021-05-05,73691,3472488,37.19
<50,2021-05-06,73767,3546255,37.98
<50,2021-05-07,75033,3621288,38.79
<50,2021-05-08,15141,3636429,38.95
<50,2021-05-09,840,3637269,38.96
<50,2021-05-10,94171,3731440,39.97
<50,2021-05-11,98737,3830177,41.03
<50,2021-05-12,96085,3926262,42.06
<50,2021-05-13,89391,4015653,43.01
<50,2021-05-14,94811,4110464,44.03
<50,2021-05-15,933,4111397,44.04
<50,2021-05-16,242,4111639,44.04
<50,2021-05-17,117508,4229147,45.3
<50,2021-05-18,129041,4358188,46.68
<50,2021-05-19,118443,4476631,47.95
<50,2021-05-20,120806,4597437,49.24
<50,2021-05-21,7894,4605331,49.33
<50,2021-05-22,24663,4629994,49.59
<50,2021-05-23,3355,4633349,49.63
<50,2021-05-24,158820,4792169,51.33
<50,2021-05-25,170440,4962609,53.16
<50,2021-05-26,161886,5124495,54.89
<50,2021-05-27,149524,5274019,56.49
<50,2021-05-28,126599,5400618,57.85
<50,2021-05-29,36286,5436904,58.24
<50,2021-05-30,8045,5444949,58.32
<50,2021-05-31,138833,5583782,59.81
<50,2021-06-01,126745,5710527,61.17
<50,2021-06-02,98732,5809259,62.22
<50,2021-06-03,48249,5857508,62.74
<50,2021-06-04,36403,5893911,63.13
<50,2021-06-05,12949,5906860,63.27
<50,2021-06-06,1749,5908609,63.29
<50,2021-06-07,44674,5953283,63.77
<50,2021-06-08,50164,6003447,64.3
<50,2021-06-09,64900,6068347,65.0
<50,2021-06-10,87714,6156061,65.94
<50,2021-06-11,71784,6227845,66.71
<50,2021-06-12,20130,6247975,66.92
<50,2021-06-13,1257,6249232,66.94
<50,2021-06-14,96457,6345689,67.97
<50,2021-06-15,77910,6423599,68.8
<50,2021-06-16,99089,6522688,69.87
<50,2021-06-17,65108,6587796,70.56
<50,2021-06-18,56070,6643866,71.16
<50,2021-06-19,14998,6658864,71.32
<50,2021-06-20,1620,6660484,71.34
<50,2021-06-21,6878,6667362,71.42
<50,2021-06-22,94390,6761752,72.43
<50,2021-06-23,71124,6832876,73.19
<50,2021-06-24,45294,6878170,73.67
<50,2021-06-25,35102,6913272,74.05
<50,2021-06-26,10140,6923412,74.16
<50,2021-06-27,933,6924345,74.17
<50,2021-06-28,1131,6925476,74.18
<50,2021-06-29,35379,6960855,74.56
<50,2021-06-30,43285,7004140,75.02
<50,2021-07-01,83101,7087241,75.91
<50,2021-07-02,61840,7149081,76.58
<50,2021-07-03,14348,7163429,76.73
<50,2021-07-04,1838,7165267,76.75
<50,2021-07-05,43291,7208558,77.21
<50,2021-07-06,39917,7248475,77.64
<50,2021-07-07,71055,7319530,78.4
<50,2021-07-08,55565,7375095,79.0
<50,2021-07-09,47505,7422600,79.51
<50,2021-07-10,18054,7440654,79.7
<50,2021-07-11,2171,7442825,79.72
<50,2021-07-12,45532,7488357,80.21
<50,2021-07-13,77085,7565442,81.04
<50,2021-07-14,52194,7617636,81.59
<50,2021-07-15,64489,7682125,82.29
<50,2021-07-16,1943,7684068,82.31
<50,2021-07-17,8976,7693044,82.4
<50,2021-07-18,850,7693894,82.41
<50,2021-07-19,44161,7738055,82.88
<50,2021-07-20,37231,7775286,83.28
<50,2021-07-21,30745,7806031,83.61
<50,2021-07-22,33622,7839653,83.97
<50,2021-07-23,56168,7895821,84.57
<50,2021-07-24,20670,7916491,84.8
<50,2021-07-25,1894,7918385,84.82
<50,2021-07-26,14319,7932704,84.97
<50,2021-07-27,8543,7941247,85.06
<50,2021-07-28,6612,7947859,85.13
<50,2021-07-29,8112,7955971,85.22
<50,2021-07-30,7997,7963968,85.3
<50,2021-07-31,1002,7964970,85.31
<50,2021-08-01,30,7965000,85.32
<50,2021-08-02,87173,8052173,86.25
<50,2021-08-03,97700,8149873,87.3
<50,2021-08-04,4056,8153929,87.34
<50,2021-08-05,2762,8156691,87.37
<50,2021-08-06,2525,8159216,87.4
<50,2021-08-07,201,8159417,87.4
<50,2021-08-08,51,8159468,87.4
<50,2021-08-09,65765,8225233,88.1
<50,2021-08-10,58222,8283455,88.73
<50,2021-08-11,2399,8285854,88.75
<50,2021-08-12,2014,8287868,88.77
<50,2021-08-13,1772,8289640,88.79
<50,2021-08-14,243,8289883,88.79
<50,2021-08-15,189,8290072,88.8
<50,2021-08-16,32903,8322975,89.15
<50,2021-08-17,28975,8351950,89.46
<50,2021-08-18,1636,8353586,89.48
<50,2021-08-19,1326,8354912,89.49
<50,2021-08-20,1101,8356013,89.5
<50,2021-08-21,149,8356162,89.5
<50,2021-08-22,61,8356223,89.51
<50,2021-08-23,20898,8377121,89.73
<50,2021-08-24,18564,8395685,89.93
<50,2021-08-25,12028,8407713,90.06
<50,2021-08-26,1333,8409046,90.07
<50,2021-08-27,1200,8410246,90.08
<50,2021-08-28,190,8410436,90.09
<50,2021-08-29,62,8410498,90.09
<50,2021-08-30,15003,8425501,90.25
<50,2021-08-31,14754,8440255,90.41
<50,2021-09-01,1139,8441394,90.42
<50,2021-09-02,1040,8442434,90.43
<50,2021-09-03,796,8443230,90.44
<50,2021-09-04,138,8443368,90.44
<50,2021-09-05,14,8443382,90.44
<50,2021-09-06,12313,8455695,90.57
<50,2021-09-07,12873,8468568,90.71
<50,2021-09-08,1000,8469568,90.72
<50,2021-09-09,930,8470498,90.73
<50,2021-09-10,753,8471251,90.74
<50,2021-09-11,140,8471391,90.74
<50,2021-09-12,13,8471404,90.74
<50,2021-09-13,63770,8535174,91.42
<50,2021-09-14,50396,8585570,91.96
<50,2021-09-15,54058,8639628,92.54
<50,2021-09-16,26458,8666086,92.82
<50,2021-09-17,73,8666159,92.83
<50,2021-09-18,3,8666162,92.83
<50,2021-09-19,0,8666162,92.83
<50,2021-09-20,64622,8730784,93.52
<50,2021-09-21,60340,8791124,94.16
<50,2021-09-22,72818,8863942,94.94
<50,2021-09-23,50404,8914346,95.48
<50,2021-09-24,70732,8985078,96.24
<50,2021-09-25,743,8985821,96.25
<50,2021-09-26,191,8986012,96.25
<50,2021-09-27,97599,9083611,97.3
<50,2021-09-28,119359,9202970,98.58
<50,2021-09-29,121996,9324966,99.88
<50,2021-09-30,113878,9438844,101.1
<50,2021-10-01,103786,9542630,102.21
<50,2021-10-02,5858,9548488,102.28
<50,2021-10-03,394,9548882,102.28
<50,2021-10-04,82246,9631128,103.16
<50,2021-10-05,75742,9706870,103.97
<50,2021-10-06,68468,9775338,104.71
<50,2021-10-07,62808,9838146,105.38
<50,2021-10-08,53732,9891878,105.95
<50,2021-10-09,1974,9893852,105.98
<50,2021-10-10,100,9893952,105.98
<50,2021-10-11,515,9894467,105.98
<50,2021-10-12,56664,9951131,106.59
<50,2021-10-13,56815,10007946,107.2
<50,2021-10-14,48743,10056689,107.72
<50,2021-10-15,39070,10095759,108.14
<50,2021-10-16,1772,10097531,108.16
<50,2021-10-17,98,10097629,108.16
<50,2021-10-18,38515,10136144,108.57
<50,2021-10-19,44118,10180262,109.04
<50,2021-10-20,38707,10218969,109.46
<50,2021-10-21,35204,10254173,109.83
<50,2021-10-22,28794,10282967,110.14
<50,2021-10-23,1346,10284313,110.16
<50,2021-10-24,119,10284432,110.16
<50,2021-10-25,33221,10317653,110.51
<50,2021-10-26,30922,10348575,110.85
<50,2021-10-27,30304,10378879,111.17
<50,2021-10-28,28014,10406893,111.47
<50,2021-10-29,23421,10430314,111.72
<50,2021-10-30,2221,10432535,111.75
<50,2021-10-31,241,10432776,111.75
<50,2021-11-01,189,10432965,111.75
<50,2021-11-02,24105,10457070,112.01
<50,2021-11-03,24961,10482031,112.28
<50,2021-11-04,24055,10506086,112.53
<50,2021-11-05,22491,10528577,112.77
<50,2021-11-06,2640,10531217,112.8
<50,2021-11-07,192,10531409,112.8
<50,2021-11-08,22011,10553420,113.04
<50,2021-11-09,20860,10574280,113.26
<50,2021-11-10,18560,10592840,113.46
<50,2021-11-11,16700,10609540,113.64
<50,2021-11-12,16786,10626326,113.82
<50,2021-11-13,2695,10629021,113.85
<50,2021-11-14,194,10629215,113.85
<50,2021-11-15,18264,10647479,114.05
<50,2021-11-16,16879,10664358,114.23
<50,2021-11-17,14588,10678946,114.38
<50,2021-11-18,12887,10691833,114.52
<50,2021-11-19,11779,10703612,114.65
<50,2021-11-20,1481,10705093,114.66
<50,2021-11-21,122,10705215,114.67
<50,2021-11-22,12399,10717614,114.8
<50,2021-11-23,11451,10729065,114.92
<50,2021-11-24,10133,10739198,115.03
<50,2021-11-25,9479,10748677,115.13
<50,2021-11-26,9010,10757687,115.23
<50,2021-11-27,1724,10759411,115.25
<50,2021-11-28,229,10759640,115.25
<50,2021-11-29,11231,10770871,115.37
<50,2021-11-30,11040,10781911,115.49
<50,2021-12-01,9864,10791775,115.59
<50,2021-12-02,8843,10800618,115.69
<50,2021-12-03,8146,10808764,115.78
<50,2021-12-04,1331,10810095,115.79
<50,2021-12-05,187,10810282,115.79
<50,2021-12-06,14206,10824488,115.94
<50,2021-12-07,14815,10839303,116.1
<50,2021-12-08,300,10839603,116.11
<50,2021-12-09,39006,10878609,116.52
<50,2021-12-10,36208,10914817,116.91
<50,2021-12-11,3856,10918673,116.95
<50,2021-12-12,331,10919004,116.96
<50,2021-12-13,32535,10951539,117.3
<50,2021-12-14,29921,10981460,117.63
<50,2021-12-15,26494,11007954,117.91
<50,2021-12-16,24432,11032386,118.17
<50,2021-12-17,20955,11053341,118.4
<50,2021-12-18,2744,11056085,118.42
<50,2021-12-19,216,11056301,118.43
<50,2021-12-20,19657,11075958,118.64
<50,2021-12-21,17469,11093427,118.82
<50,2021-12-22,13907,11107334,118.97
<50,2021-12-23,9521,11116855,119.08
<50,2021-12-24,1690,11118545,119.09
<50,2021-12-25,1,11118546,119.09
<50,2021-12-26,99,11118645,119.09
<50,2021-12-27,17787,11136432,119.29
<50,2021-12-28,19801,11156233,119.5
<50,2021-12-29,18830,11175063,119.7
<50,2021-12-30,16294,11191357,119.87
<50,2021-12-31,3224,11194581,119.91
<50,2022-01-01,5,11194586,119.91
<50,2022-01-02,36,11194622,119.91
<50,2022-01-03,19021,11213643,120.11
<50,2022-01-04,19882,11233525,120.33
<50,2022-01-05,18321,11251846,120.52
<50,2022-01-06,16663,11268509,120.7
<50,2022-01-07,16436,11284945,120.88
<50,2022-01-08,1689,11286634,120.89
<50,2022-01-09,208,11286842,120.9
<50,2022-01-10,19310,11306152,121.1
<50,2022-01-11,16789,11322941,121.28
<50,2022-01-12,14372,11337313,121.44
<50,2022-01-13,13017,11350330,121.58
<50,2022-01-14,12755,11363085,121.71
<50,2022-01-15,1512,11364597,121.73
<50,2022-01-16,98,11364695,121.73
<50,2022-01-17,15806,11380501,121.9
<50,2022-01-18,12809,11393310,122.04
<50,2022-01-19,13803,11407113,122.18
<50,2022-01-20,11531,11418644,122.31
<50,2022-01-21,10478,11429122,122.42
<50,2022-01-22,1128,11430250,122.43
<50,2022-01-23,104,11430354,122.43
<50,2022-01-24,13238,11443592,122.58
<50,2022-01-25,11707,11455299,122.7
<50,2022-01-26,9875,11465174,122.81
<50,2022-01-27,9295,11474469,122.91
<50,2022-01-28,8580,11483049,123.0
<50,2022-01-29,1100,11484149,123.01
<50,2022-01-30,76,11484225,123.01
<50,2022-01-31,11324,11495549,123.13
<50,2022-02-01,9733,11505282,123.24
<50,2022-02-02,8777,11514059,123.33
<50,2022-02-03,8133,11522192,123.42
<50,2022-02-04,7329,11529521,123.5
<50,2022-02-05,701,11530222,123.5
<50,2022-02-06,82,11530304,123.5
<50,2022-02-07,5298,11535602,123.56
50-69,2020-12-24,49,49,0.0
50-69,2020-12-25,589,638,0.02
50-69,2020-12-26,399,1037,0.02
50-69,2020-12-27,51,1088,0.03
50-69,2020-12-28,0,1088,0.03
50-69,2020-12-29,0,1088,0.03
50-69,2020-12-30,0,1088,0.03
50-69,2020-12-31,0,1088,0.03
50-69,2021-01-01,0,1088,0.03
50-69,2021-01-02,0,1088,0.03
50-69,2021-01-03,0,1088,0.03
50-69,2021-01-04,36,1124,0.03
50-69,2021-01-05,164,1288,0.03
50-69,2021-01-06,27,1315,0.03
50-69,2021-01-07,0,1315,0.03
50-69,2021-01-08,0,1315,0.03
50-69,2021-01-09,0,1315,0.03
50-69,2021-01-10,1,1316,0.03
50-69,2021-01-11,0,1316,0.03
50-69,2021-01-12,0,1316,0.03
50-69,2021-01-14,292,1608,0.04
50-69,2021-01-15,111,1719,0.04
50-69,2021-01-16,4,1723,0.04
50-69,2021-01-17,0,1723,0.04
50-69,2021-01-18,1888,3611,0.08
50-69,2021-01-19,3524,7135,0.17
50-69,2021-01-20,1866,9001,0.21
50-69,2021-01-21,617,9618,0.23
50-69,2021-01-22,111,9729,0.23
50-69,2021-01-23,0,9729,0.23
50-69,2021-01-24,0,9729,0.23
50-69,2021-01-25,2,9731,0.23
50-69,2021-01-26,10,9741,0.23
50-69,2021-01-27,0,9741,0.23
50-69,2021-01-28,0,9741,0.23
50-69,2021-01-29,0,9741,0.23
50-69,2021-01-30,0,9741,0.23
50-69,2021-01-31,0,9741,0.23
50-69,2021-02-01,0,9741,0.23
50-69,2021-02-02,2372,12113,0.28
50-69,2021-02-03,25714,37827,0.89
50-69,2021-02-04,23563,61390,1.44
50-69,2021-02-05,22454,83844,1.97
50-69,2021-02-06,5085,88929,2.09
50-69,2021-02-07,2017,90946,2.14
50-69,2021-02-08,26459,117405,2.76
50-69,2021-02-09,33997,151402,3.56
50-69,2021-02-10,41631,193033,4.54
50-69,2021-02-11,48394,241427,5.68
50-69,2021-02-12,47789,289216,6.8
50-69,2021-02-13,10872,300088,7.06
50-69,2021-02-14,2263,302351,7.11
50-69,2021-02-15,140976,443327,10.43
50-69,2021-02-16,131275,574602,13.52
50-69,2021-02-17,118492,693094,16.31
50-69,2021-02-18,100563,793657,18.67
50-69,2021-02-19,96716,890373,20.95
50-69,2021-02-20,4984,895357,21.06
50-69,2021-02-21,543,895900,21.08
50-69,2021-02-22,69797,965697,22.72
50-69,2021-02-23,59972,1025669,24.13
50-69,2021-02-24,29809,1055478,24.83
50-69,2021-02-25,26436,1081914,25.45
50-69,2021-02-26,29988,1111902,26.16
50-69,2021-02-27,2557,1114459,26.22
50-69,2021-02-28,140,1114599,26.22
50-69,2021-03-01,85235,1199834,28.23
50-69,2021-03-02,98368,1298202,30.54
50-69,2021-03-03,100743,1398945,32.91
50-69,2021-03-04,100338,1499283,35.27
50-69,2021-03-05,103898,1603181,37.72
50-69,2021-03-06,6309,1609490,37.87
50-69,2021-03-07,718,1610208,37.88
50-69,2021-03-08,116384,1726592,40.62
50-69,2021-03-09,117249,1843841,43.38
50-69,2021-03-10,111789,1955630,46.01
50-69,2021-03-11,139643,2095273,49.29
50-69,2021-03-12,66329,2161602,50.86
50-69,2021-03-13,16771,2178373,51.25
50-69,2021-03-14,1797,2180170,51.29
50-69,2021-03-15,55661,2235831,52.6
50-69,2021-03-16,48196,2284027,53.74
50-69,2021-03-17,40922,2324949,54.7
50-69,2021-03-18,35948,2360897,55.54
50-69,2021-03-19,35452,2396349,56.38
50-69,2021-03-20,6900,2403249,56.54
50-69,2021-03-21,884,2404133,56.56
50-69,2021-03-22,45715,2449848,57.64
50-69,2021-03-23,38573,2488421,58.54
50-69,2021-03-24,76599,2565020,60.35
50-69,2021-03-25,78174,2643194,62.19
50-69,2021-03-26,79085,2722279,64.05
50-69,2021-03-27,4975,2727254,64.16
50-69,2021-03-28,359,2727613,64.17
50-69,2021-03-29,100225,2827838,66.53
50-69,2021-03-30,83852,2911690,68.5
50-69,2021-03-31,75402,2987092,70.28
50-69,2021-04-01,87833,3074925,72.34
50-69,2021-04-02,823,3075748,72.36
50-69,2021-04-03,720,3076468,72.38
50-69,2021-04-04,265,3076733,72.39
50-69,2021-04-05,41547,3118280,73.36
50-69,2021-04-06,55548,3173828,74.67
50-69,2021-04-07,57559,3231387,76.02
50-69,2021-04-08,39595,3270982,76.96
50-69,2021-04-09,33504,3304486,77.74
50-69,2021-04-10,5429,3309915,77.87
50-69,2021-04-11,398,3310313,77.88
50-69,2021-04-12,20773,3331086,78.37
50-69,2021-04-13,18544,3349630,78.81
50-69,2021-04-14,14806,3364436,79.15
50-69,2021-04-15,13831,3378267,79.48
50-69,2021-04-16,18338,3396605,79.91
50-69,2021-04-17,2386,3398991,79.97
50-69,2021-04-18,149,3399140,79.97
50-69,2021-04-19,16814,3415954,80.37
50-69,2021-04-20,15163,3431117,80.72
50-69,2021-04-21,12211,3443328,81.01
50-69,2021-04-22,10590,3453918,81.26
50-69,2021-04-23,10451,3464369,81.51
50-69,2021-04-24,1839,3466208,81.55
50-69,2021-04-25,123,3466331,81.55
50-69,2021-04-26,6627,3472958,81.71
50-69,2021-04-27,5033,3477991,81.83
50-69,2021-04-28,4262,3482253,81.93
50-69,2021-04-29,4003,3486256,82.02
50-69,2021-04-30,13098,3499354,82.33
50-69,2021-05-01,165,3499519,82.33
50-69,2021-05-02,159,3499678,82.34
50-69,2021-05-03,8878,3508556,82.54
50-69,2021-05-04,7692,3516248,82.73
50-69,2021-05-05,7034,3523282,82.89
50-69,2021-05-06,7028,3530310,83.06
50-69,2021-05-07,8300,3538610,83.25
50-69,2021-05-08,2106,3540716,83.3
50-69,2021-05-09,118,3540834,83.3
50-69,2021-05-10,8248,3549082,83.5
50-69,2021-05-11,7744,3556826,83.68
50-69,2021-05-12,7958,3564784,83.87
50-69,2021-05-13,6861,3571645,84.03
50-69,2021-05-14,7681,3579326,84.21
50-69,2021-05-15,110,3579436,84.21
50-69,2021-05-16,24,3579460,84.21
50-69,2021-05-17,6444,3585904,84.36
50-69,2021-05-18,6441,3592345,84.52
50-69,2021-05-19,6706,3599051,84.67
50-69,2021-05-20,6985,3606036,84.84
50-69,2021-05-21,383,3606419,84.85
50-69,2021-05-22,2053,3608472,84.9
50-69,2021-05-23,323,3608795,84.9
50-69,2021-05-24,15464,3624259,85.27
50-69,2021-05-25,17443,3641702,85.68
50-69,2021-05-26,16763,3658465,86.07
50-69,2021-05-27,15496,3673961,86.44
50-69,2021-05-28,16938,3690899,86.83
50-69,2021-05-29,4903,3695802,86.95
50-69,2021-05-30,1011,3696813,86.97
50-69,2021-05-31,15193,3712006,87.33
50-69,2021-06-01,11214,3723220,87.6
50-69,2021-06-02,8932,3732152,87.81
50-69,2021-06-03,6218,3738370,87.95
50-69,2021-06-04,5074,3743444,88.07
50-69,2021-06-05,1600,3745044,88.11
50-69,2021-06-06,208,3745252,88.11
50-69,2021-06-07,7761,3753013,88.3
50-69,2021-06-08,8603,3761616,88.5
50-69,2021-06-09,10201,3771817,88.74
50-69,2021-06-10,7374,3779191,88.91
50-69,2021-06-11,7667,3786858,89.09
50-69,2021-06-12,2354,3789212,89.15
50-69,2021-06-13,147,3789359,89.15
50-69,2021-06-14,7446,3796805,89.33
50-69,2021-06-15,6193,3802998,89.47
50-69,2021-06-16,5610,3808608,89.6
50-69,2021-06-17,4961,3813569,89.72
50-69,2021-06-18,4685,3818254,89.83
50-69,2021-06-19,1435,3819689,89.86
50-69,2021-06-20,160,3819849,89.87
50-69,2021-06-21,426,3820275,89.88
50-69,2021-06-22,4566,3824841,89.99
50-69,2021-06-23,3856,3828697,90.08
50-69,2021-06-24,2573,3831270,90.14
50-69,2021-06-25,2538,3833808,90.2
50-69,2021-06-26,836,3834644,90.22
50-69,2021-06-27,87,3834731,90.22
50-69,2021-06-28,104,3834835,90.22
50-69,2021-06-29,3647,3838482,90.31
50-69,2021-06-30,3986,3842468,90.4
50-69,2021-07-01,3110,3845578,90.47
50-69,2021-07-02,2957,3848535,90.54
50-69,2021-07-03,1046,3849581,90.57
50-69,2021-07-04,149,3849730,90.57
50-69,2021-07-05,3799,3853529,90.66
50-69,2021-07-06,3214,3856743,90.74
50-69,2021-07-07,2251,3858994,90.79
50-69,2021-07-08,2088,3861082,90.84
50-69,2021-07-09,2603,3863685,90.9
50-69,2021-07-10,1736,3865421,90.94
50-69,2021-07-11,208,3865629,90.95
50-69,2021-07-12,3070,3868699,91.02
50-69,2021-07-13,2588,3871287,91.08
50-69,2021-07-14,2092,3873379,91.13
50-69,2021-07-15,6058,3879437,91.27
50-69,2021-07-16,171,3879608,91.27
50-69,2021-07-17,875,3880483,91.29
50-69,2021-07-18,80,3880563,91.3
50-69,2021-07-19,2981,3883544,91.37
50-69,2021-07-20,2525,3886069,91.43
50-69,2021-07-21,2166,3888235,91.48
50-69,2021-07-22,1809,3890044,91.52
50-69,2021-07-23,1679,3891723,91.56
50-69,2021-07-24,2073,3893796,91.61
50-69,2021-07-25,159,3893955,91.61
50-69,2021-07-26,1002,3894957,91.64
50-69,2021-07-27,632,3895589,91.65
50-69,2021-07-28,573,3896162,91.66
50-69,2021-07-29,443,3896605,91.67
50-69,2021-07-30,437,3897042,91.68
50-69,2021-07-31,54,3897096,91.69
50-69,2021-08-01,3,3897099,91.69
50-69,2021-08-02,10734,3907833,91.94
50-69,2021-08-03,13147,3920980,92.25
50-69,2021-08-04,613,3921593,92.26
50-69,2021-08-05,436,3922029,92.27
50-69,2021-08-06,399,3922428,92.28
50-69,2021-08-07,36,3922464,92.28
50-69,2021-08-08,4,3922468,92.28
50-69,2021-08-09,9533,3932001,92.51
50-69,2021-08-10,8341,3940342,92.7
50-69,2021-08-11,343,3940685,92.71
50-69,2021-08-12,248,3940933,92.72
50-69,2021-08-13,244,3941177,92.72
50-69,2021-08-14,31,3941208,92.72
50-69,2021-08-15,30,3941238,92.72
50-69,2021-08-16,4715,3945953,92.84
50-69,2021-08-17,4335,3950288,92.94
50-69,2021-08-18,216,3950504,92.94
50-69,2021-08-19,172,3950676,92.95
50-69,2021-08-20,145,3950821,92.95
50-69,2021-08-21,20,3950841,92.95
50-69,2021-08-22,12,3950853,92.95
50-69,2021-08-23,3465,3954318,93.03
50-69,2021-08-24,2944,3957262,93.1
50-69,2021-08-25,1931,3959193,93.15
50-69,2021-08-26,174,3959367,93.15
50-69,2021-08-27,153,3959520,93.15
50-69,2021-08-28,27,3959547,93.16
50-69,2021-08-29,11,3959558,93.16
50-69,2021-08-30,2456,3962014,93.21
50-69,2021-08-31,2375,3964389,93.27
50-69,2021-09-01,197,3964586,93.27
50-69,2021-09-02,160,3964746,93.28
50-69,2021-09-03,99,3964845,93.28
50-69,2021-09-04,34,3964879,93.28
50-69,2021-09-05,1,3964880,93.28
50-69,2021-09-06,2055,3966935,93.33
50-69,2021-09-07,1936,3968871,93.37
50-69,2021-09-08,127,3968998,93.38
50-69,2021-09-09,125,3969123,93.38
50-69,2021-09-10,106,3969229,93.38
50-69,2021-09-11,29,3969258,93.38
50-69,2021-09-12,2,3969260,93.38
50-69,2021-09-13,1344,3970604,93.42
50-69,2021-09-14,1224,3971828,93.44
50-69,2021-09-15,817,3972645,93.46
50-69,2021-09-16,479,3973124,93.47
50-69,2021-09-17,4,3973128,93.47
50-69,2021-09-18,1,3973129,93.47
50-69,2021-09-19,0,3973129,93.47
50-69,2021-09-20,983,3974112,93.5
50-69,2021-09-21,1045,3975157,93.52
50-69,2021-09-22,828,3975985,93.54
50-69,2021-09-23,822,3976807,93.56
50-69,2021-09-24,826,3977633,93.58
50-69,2021-09-25,33,3977666,93.58
50-69,2021-09-26,9,3977675,93.58
50-69,2021-09-27,1119,3978794,93.61
50-69,2021-09-28,1482,3980276,93.64
50-69,2021-09-29,1380,3981656,93.68
50-69,2021-09-30,1220,3982876,93.7
50-69,2021-10-01,1160,3984036,93.73
50-69,2021-10-02,76,3984112,93.73
50-69,2021-10-03,19,3984131,93.73
50-69,2021-10-04,1467,3985598,93.77
50-69,2021-10-05,1154,3986752,93.8
50-69,2021-10-06,964,3987716,93.82
50-69,2021-10-07,844,3988560,93.84
50-69,2021-10-08,858,3989418,93.86
50-69,2021-10-09,37,3989455,93.86
50-69,2021-10-10,5,3989460,93.86
50-69,2021-10-11,5,3989465,93.86
50-69,2021-10-12,1027,3990492,93.88
50-69,2021-10-13,967,3991459,93.91
50-69,2021-10-14,800,3992259,93.92
50-69,2021-10-15,811,3993070,93.94
50-69,2021-10-16,47,3993117,93.94
50-69,2021-10-17,6,3993123,93.94
50-69,2021-10-18,985,3994108,93.97
50-69,2021-10-19,1030,3995138,93.99
50-69,2021-10-20,799,3995937,94.01
50-69,2021-10-21,861,3996798,94.03
50-69,2021-10-22,799,3997597,94.05
50-69,2021-10-23,43,3997640,94.05
50-69,2021-10-24,7,3997647,94.05
50-69,2021-10-25,1251,3998898,94.08
50-69,2021-10-26,1315,4000213,94.11
50-69,2021-10-27,1239,4001452,94.14
50-69,2021-10-28,1290,4002742,94.17
50-69,2021-10-29,1207,4003949,94.2
50-69,2021-10-30,151,4004100,94.2
50-69,2021-10-31,20,4004120,94.2
50-69,2021-11-01,11,4004131,94.2
50-69,2021-11-02,1749,4005880,94.25
50-69,2021-11-03,1474,4007354,94.28
50-69,2021-11-04,1273,4008627,94.31
50-69,2021-11-05,1090,4009717,94.34
50-69,2021-11-06,152,4009869,94.34
50-69,2021-11-07,13,4009882,94.34
50-69,2021-11-08,1473,4011355,94.37
50-69,2021-11-09,1226,4012581,94.4
50-69,2021-11-10,1068,4013649,94.43
50-69,2021-11-11,958,4014607,94.45
50-69,2021-11-12,1044,4015651,94.47
50-69,2021-11-13,215,4015866,94.48
50-69,2021-11-14,16,4015882,94.48
50-69,2021-11-15,1400,4017282,94.51
50-69,2021-11-16,1160,4018442,94.54
50-69,2021-11-17,1015,4019457,94.56
50-69,2021-11-18,927,4020384,94.59
50-69,2021-11-19,812,4021196,94.61
50-69,2021-11-20,131,4021327,94.61
50-69,2021-11-21,14,4021341,94.61
50-69,2021-11-22,882,4022223,94.63
50-69,2021-11-23,810,4023033,94.65
50-69,2021-11-24,762,4023795,94.67
50-69,2021-11-25,653,4024448,94.68
50-69,2021-11-26,625,4025073,94.7
50-69,2021-11-27,125,4025198,94.7
50-69,2021-11-28,17,4025215,94.7
50-69,2021-11-29,878,4026093,94.72
50-69,2021-11-30,819,4026912,94.74
50-69,2021-12-01,789,4027701,94.76
50-69,2021-12-02,707,4028408,94.78
50-69,2021-12-03,653,4029061,94.79
50-69,2021-12-04,126,4029187,94.79
50-69,2021-12-05,20,4029207,94.79
50-69,2021-12-06,769,4029976,94.81
50-69,2021-12-07,679,4030655,94.83
50-69,2021-12-08,16,4030671,94.83
50-69,2021-12-09,633,4031304,94.84
50-69,2021-12-10,506,4031810,94.86
50-69,2021-12-11,96,4031906,94.86
50-69,2021-12-12,18,4031924,94.86
50-69,2021-12-13,656,4032580,94.87
50-69,2021-12-14,606,4033186,94.89
50-69,2021-12-15,573,4033759,94.9
50-69,2021-12-16,486,4034245,94.91
50-69,2021-12-17,436,4034681,94.92
50-69,2021-12-18,57,4034738,94.92
50-69,2021-12-19,10,4034748,94.92
50-69,2021-12-20,466,4035214,94.94
50-69,2021-12-21,438,4035652,94.95
50-69,2021-12-22,379,4036031,94.95
50-69,2021-12-23,291,4036322,94.96
50-69,2021-12-24,86,4036408,94.96
50-69,2021-12-25,0,4036408,94.96
50-69,2021-12-26,6,4036414,94.96
50-69,2021-12-27,498,4036912,94.98
50-69,2021-12-28,483,4037395,94.99
50-69,2021-12-29,483,4037878,95.0
50-69,2021-12-30,503,4038381,95.01
50-69,2021-12-31,124,4038505,95.01
50-69,2022-01-01,1,4038506,95.01
50-69,2022-01-02,4,4038510,95.01
50-69,2022-01-03,634,4039144,95.03
50-69,2022-01-04,649,4039793,95.04
50-69,2022-01-05,584,4040377,95.06
50-69,2022-01-06,579,4040956,95.07
50-69,2022-01-07,632,4041588,95.09
50-69,2022-01-08,73,4041661,95.09
50-69,2022-01-09,13,4041674,95.09
50-69,2022-01-10,674,4042348,95.1
50-69,2022-01-11,573,4042921,95.12
50-69,2022-01-12,560,4043481,95.13
50-69,2022-01-13,479,4043960,95.14
50-69,2022-01-14,532,4044492,95.15
50-69,2022-01-15,70,4044562,95.16
50-69,2022-01-16,4,4044566,95.16
50-69,2022-01-17,592,4045158,95.17
50-69,2022-01-18,510,4045668,95.18
50-69,2022-01-19,602,4046270,95.2
50-69,2022-01-20,550,4046820,95.21
50-69,2022-01-21,514,4047334,95.22
50-69,2022-01-22,56,4047390,95.22
50-69,2022-01-23,2,4047392,95.22
50-69,2022-01-24,568,4047960,95.24
50-69,2022-01-25,460,4048420,95.25
50-69,2022-01-26,430,4048850,95.26
50-69,2022-01-27,364,4049214,95.26
50-69,2022-01-28,389,4049603,95.27
50-69,2022-01-29,53,4049656,95.27
50-69,2022-01-30,7,4049663,95.28
50-69,2022-01-31,467,4050130,95.29
50-69,2022-02-01,442,4050572,95.3
50-69,2022-02-02,336,4050908,95.3
50-69,2022-02-03,330,4051238,95.31
50-69,2022-02-04,341,4051579,95.32
50-69,2022-02-05,34,4051613,95.32
50-69,2022-02-06,5,4051618,95.32
50-69,2022-02-07,321,4051939,95.33
>=70,2020-12-24,2,2,0.0
>=70,2020-12-25,7,9,0.0
>=70,2020-12-26,8,17,0.0
>=70,2020-12-27,0,17,0.0
>=70,2020-12-28,0,17,0.0
>=70,2020-12-29,0,17,0.0
>=70,2020-12-30,0,17,0.0
>=70,2020-12-31,0,17,0.0
>=70,2021-01-01,0,17,0.0
>=70,2021-01-02,0,17,0.0
>=70,2021-01-03,0,17,0.0
>=70,2021-01-04,0,17,0.0
>=70,2021-01-05,1,18,0.0
>=70,2021-01-06,0,18,0.0
>=70,2021-01-07,0,18,0.0
>=70,2021-01-08,0,18,0.0
>=70,2021-01-09,0,18,0.0
>=70,2021-01-10,0,18,0.0
>=70,2021-01-11,0,18,0.0
>=70,2021-01-12,0,18,0.0
>=70,2021-01-13,0,18,0.0
>=70,2021-01-14,6,24,0.0
>=70,2021-01-15,2,26,0.0
>=70,2021-01-16,0,26,0.0
>=70,2021-01-17,0,26,0.0
>=70,2021-01-18,297,323,0.02
>=70,2021-01-19,255,578,0.04
>=70,2021-01-20,172,750,0.05
>=70,2021-01-21,61,811,0.05
>=70,2021-01-22,3,814,0.05
>=70,2021-01-23,0,814,0.05
>=70,2021-01-24,0,814,0.05
>=70,2021-01-25,0,814,0.05
>=70,2021-01-26,4,818,0.05
>=70,2021-01-27,1,819,0.05
>=70,2021-01-28,0,819,0.05
>=70,2021-01-29,0,819,0.05
>=70,2021-01-30,0,819,0.05
>=70,2021-01-31,0,819,0.05
>=70,2021-02-01,0,819,0.05
>=70,2021-02-02,94,913,0.06
>=70,2021-02-03,58268,59181,3.67
>=70,2021-02-04,84437,143618,8.9
>=70,2021-02-05,88922,232540,14.4
>=70,2021-02-06,15251,247791,15.35
>=70,2021-02-07,5322,253113,15.68
>=70,2021-02-08,149931,403044,24.97
>=70,2021-02-09,154837,557881,34.56
>=70,2021-02-10,172903,730784,45.27
>=70,2021-02-11,144636,875420,54.23
>=70,2021-02-12,131591,1007011,62.38
>=70,2021-02-13,8771,1015782,62.92
>=70,2021-02-14,1179,1016961,62.99
>=70,2021-02-15,76094,1093055,67.71
>=70,2021-02-16,36822,1129877,69.99
>=70,2021-02-17,27311,1157188,71.68
>=70,2021-02-18,23462,1180650,73.13
>=70,2021-02-19,20251,1200901,74.39
>=70,2021-02-20,2435,1203336,74.54
>=70,2021-02-21,250,1203586,74.55
>=70,2021-02-22,23692,1227278,76.02
>=70,2021-02-23,17971,1245249,77.14
>=70,2021-02-24,14987,1260236,78.06
>=70,2021-02-25,13284,1273520,78.89
>=70,2021-02-26,12354,1285874,79.65
>=70,2021-02-27,984,1286858,79.71
>=70,2021-02-28,69,1286927,79.72
>=70,2021-03-01,7742,1294669,80.2
>=70,2021-03-02,6615,1301284,80.61
>=70,2021-03-03,6284,1307568,81.0
>=70,2021-03-04,6216,1313784,81.38
>=70,2021-03-05,5611,1319395,81.73
>=70,2021-03-06,660,1320055,81.77
>=70,2021-03-07,86,1320141,81.77
>=70,2021-03-08,5576,1325717,82.12
>=70,2021-03-09,5261,1330978,82.45
>=70,2021-03-10,5173,1336151,82.77
>=70,2021-03-11,5417,1341568,83.1
>=70,2021-03-12,5038,1346606,83.41
>=70,2021-03-13,880,1347486,83.47
>=70,2021-03-14,106,1347592,83.48
>=70,2021-03-15,4556,1352148,83.76
>=70,2021-03-16,4296,1356444,84.02
>=70,2021-03-17,4010,1360454,84.27
>=70,2021-03-18,3534,1363988,84.49
>=70,2021-03-19,3459,1367447,84.7
>=70,2021-03-20,551,1367998,84.74
>=70,2021-03-21,64,1368062,84.74
>=70,2021-03-22,3355,1371417,84.95
>=70,2021-03-23,3067,1374484,85.14
>=70,2021-03-24,2975,1377459,85.33
>=70,2021-03-25,2450,1379909,85.48
>=70,2021-03-26,2168,1382077,85.61
>=70,2021-03-27,200,1382277,85.62
>=70,2021-03-28,18,1382295,85.62
>=70,2021-03-29,2328,1384623,85.77
>=70,2021-03-30,2094,1386717,85.9
>=70,2021-03-31,1988,1388705,86.02
>=70,2021-04-01,1718,1390423,86.13
>=70,2021-04-02,24,1390447,86.13
>=70,2021-04-03,33,1390480,86.13
>=70,2021-04-04,6,1390486,86.13
>=70,2021-04-05,1752,1392238,86.24
>=70,2021-04-06,1546,1393784,86.34
>=70,2021-04-07,1505,1395289,86.43
>=70,2021-04-08,1390,1396679,86.52
>=70,2021-04-09,1340,1398019,86.6
>=70,2021-04-10,159,1398178,86.61
>=70,2021-04-11,16,1398194,86.61
>=70,2021-04-12,1215,1399409,86.68
>=70,2021-04-13,1178,1400587,86.76
>=70,2021-04-14,1123,1401710,86.83
>=70,2021-04-15,1088,1402798,86.89
>=70,2021-04-16,1095,1403893,86.96
>=70,2021-04-17,98,1403991,86.97
>=70,2021-04-18,3,1403994,86.97
>=70,2021-04-19,1141,1405135,87.04
>=70,2021-04-20,1103,1406238,87.11
>=70,2021-04-21,849,1407087,87.16
>=70,2021-04-22,931,1408018,87.22
>=70,2021-04-23,842,1408860,87.27
>=70,2021-04-24,135,1408995,87.28
>=70,2021-04-25,8,1409003,87.28
>=70,2021-04-26,705,1409708,87.32
>=70,2021-04-27,578,1410286,87.36
>=70,2021-04-28,529,1410815,87.39
>=70,2021-04-29,542,1411357,87.42
>=70,2021-04-30,1092,1412449,87.49
>=70,2021-05-01,13,1412462,87.49
>=70,2021-05-02,12,1412474,87.49
>=70,2021-05-03,818,1413292,87.54
>=70,2021-05-04,763,1414055,87.59
>=70,2021-05-05,810,1414865,87.64
>=70,2021-05-06,821,1415686,87.69
>=70,2021-05-07,779,1416465,87.74
>=70,2021-05-08,139,1416604,87.75
>=70,2021-05-09,4,1416608,87.75
>=70,2021-05-10,915,1417523,87.81
>=70,2021-05-11,954,1418477,87.87
>=70,2021-05-12,839,1419316,87.92
>=70,2021-05-13,779,1420095,87.97
>=70,2021-05-14,774,1420869,88.01
>=70,2021-05-15,10,1420879,88.01
>=70,2021-05-16,2,1420881,88.01
>=70,2021-05-17,684,1421565,88.06
>=70,2021-05-18,659,1422224,88.1
>=70,2021-05-19,627,1422851,88.14
>=70,2021-05-20,753,1423604,88.18
>=70,2021-05-21,26,1423630,88.19
>=70,2021-05-22,157,1423787,88.19
>=70,2021-05-23,19,1423806,88.2
>=70,2021-05-24,1628,1425434,88.3
>=70,2021-05-25,2036,1427470,88.42
>=70,2021-05-26,2059,1429529,88.55
>=70,2021-05-27,1958,1431487,88.67
>=70,2021-05-28,1943,1433430,88.79
>=70,2021-05-29,410,1433840,88.82
>=70,2021-05-30,65,1433905,88.82
>=70,2021-05-31,1984,1435889,88.94
>=70,2021-06-01,1542,1437431,89.04
>=70,2021-06-02,1473,1438904,89.13
>=70,2021-06-03,1161,1440065,89.2
>=70,2021-06-04,928,1440993,89.26
>=70,2021-06-05,205,1441198,89.27
>=70,2021-06-06,25,1441223,89.27
>=70,2021-06-07,1481,1442704,89.37
>=70,2021-06-08,1494,1444198,89.46
>=70,2021-06-09,1537,1445735,89.55
>=70,2021-06-10,1272,1447007,89.63
>=70,2021-06-11,1186,1448193,89.71
>=70,2021-06-12,239,1448432,89.72
>=70,2021-06-13,22,1448454,89.72
>=70,2021-06-14,1181,1449635,89.8
>=70,2021-06-15,1042,1450677,89.86
>=70,2021-06-16,917,1451594,89.92
>=70,2021-06-17,899,1452493,89.97
>=70,2021-06-18,726,1453219,90.02
>=70,2021-06-19,157,1453376,90.03
>=70,2021-06-20,17,1453393,90.03
>=70,2021-06-21,33,1453426,90.03
>=70,2021-06-22,776,1454202,90.08
>=70,2021-06-23,583,1454785,90.12
>=70,2021-06-24,617,1455402,90.15
>=70,2021-06-25,564,1455966,90.19
>=70,2021-06-26,126,1456092,90.2
>=70,2021-06-27,18,1456110,90.2
>=70,2021-06-28,12,1456122,90.2
>=70,2021-06-29,928,1457050,90.26
>=70,2021-06-30,864,1457914,90.31
>=70,2021-07-01,726,1458640,90.35
>=70,2021-07-02,650,1459290,90.39
>=70,2021-07-03,163,1459453,90.4
>=70,2021-07-04,20,1459473,90.41
>=70,2021-07-05,708,1460181,90.45
>=70,2021-07-06,584,1460765,90.49
>=70,2021-07-07,531,1461296,90.52
>=70,2021-07-08,431,1461727,90.55
>=70,2021-07-09,492,1462219,90.58
>=70,2021-07-10,226,1462445,90.59
>=70,2021-07-11,24,1462469,90.59
>=70,2021-07-12,620,1463089,90.63
>=70,2021-07-13,564,1463653,90.66
>=70,2021-07-14,454,1464107,90.69
>=70,2021-07-15,1029,1465136,90.76
>=70,2021-07-16,16,1465152,90.76
>=70,2021-07-17,117,1465269,90.76
>=70,2021-07-18,2,1465271,90.76
>=70,2021-07-19,556,1465827,90.8
>=70,2021-07-20,490,1466317,90.83
>=70,2021-07-21,470,1466787,90.86
>=70,2021-07-22,434,1467221,90.89
>=70,2021-07-23,349,1467570,90.91
>=70,2021-07-24,300,1467870,90.93
>=70,2021-07-25,10,1467880,90.93
>=70,2021-07-26,181,1468061,90.94
>=70,2021-07-27,118,1468179,90.94
>=70,2021-07-28,159,1468338,90.95
>=70,2021-07-29,108,1468446,90.96
>=70,2021-07-30,90,1468536,90.97
>=70,2021-07-31,9,1468545,90.97
>=70,2021-08-01,1,1468546,90.97
>=70,2021-08-02,1685,1470231,91.07
>=70,2021-08-03,1978,1472209,91.19
>=70,2021-08-04,124,1472333,91.2
>=70,2021-08-05,72,1472405,91.21
>=70,2021-08-06,66,1472471,91.21
>=70,2021-08-07,5,1472476,91.21
>=70,2021-08-08,1,1472477,91.21
>=70,2021-08-09,1606,1474083,91.31
>=70,2021-08-10,1475,1475558,91.4
>=70,2021-08-11,90,1475648,91.41
>=70,2021-08-12,74,1475722,91.41
>=70,2021-08-13,81,1475803,91.42
>=70,2021-08-14,8,1475811,91.42
>=70,2021-08-15,5,1475816,91.42
>=70,2021-08-16,966,1476782,91.48
>=70,2021-08-17,988,1477770,91.54
>=70,2021-08-18,82,1477852,91.54
>=70,2021-08-19,74,1477926,91.55
>=70,2021-08-20,64,1477990,91.55
>=70,2021-08-21,9,1477999,91.55
>=70,2021-08-22,3,1478002,91.55
>=70,2021-08-23,707,1478709,91.6
>=70,2021-08-24,701,1479410,91.64
>=70,2021-08-25,404,1479814,91.67
>=70,2021-08-26,69,1479883,91.67
>=70,2021-08-27,62,1479945,91.67
>=70,2021-08-28,7,1479952,91.67
>=70,2021-08-29,5,1479957,91.67
>=70,2021-08-30,483,1480440,91.7
>=70,2021-08-31,528,1480968,91.74
>=70,2021-09-01,70,1481038,91.74
>=70,2021-09-02,58,1481096,91.74
>=70,2021-09-03,60,1481156,91.75
>=70,2021-09-04,11,1481167,91.75
>=70,2021-09-05,3,1481170,91.75
>=70,2021-09-06,440,1481610,91.78
>=70,2021-09-07,414,1482024,91.8
>=70,2021-09-08,51,1482075,91.81
>=70,2021-09-09,46,1482121,91.81
>=70,2021-09-10,58,1482179,91.81
>=70,2021-09-11,7,1482186,91.81
>=70,2021-09-12,3,1482189,91.81
>=70,2021-09-13,256,1482445,91.83
>=70,2021-09-14,251,1482696,91.84
>=70,2021-09-15,178,1482874,91.85
>=70,2021-09-16,111,1482985,91.86
>=70,2021-09-17,1,1482986,91.86
>=70,2021-09-18,1,1482987,91.86
>=70,2021-09-19,0,1482987,91.86
>=70,2021-09-20,208,1483195,91.87
>=70,2021-09-21,192,1483387,91.89
>=70,2021-09-22,175,1483562,91.9
>=70,2021-09-23,180,1483742,91.91
>=70,2021-09-24,159,1483901,91.92
>=70,2021-09-25,6,1483907,91.92
>=70,2021-09-26,1,1483908,91.92
>=70,2021-09-27,208,1484116,91.93
>=70,2021-09-28,256,1484372,91.95
>=70,2021-09-29,227,1484599,91.96
>=70,2021-09-30,219,1484818,91.98
>=70,2021-10-01,182,1485000,91.99
>=70,2021-10-02,11,1485011,91.99
>=70,2021-10-03,2,1485013,91.99
>=70,2021-10-04,195,1485208,92.0
>=70,2021-10-05,205,1485413,92.01
>=70,2021-10-06,217,1485630,92.03
>=70,2021-10-07,190,1485820,92.04
>=70,2021-10-08,140,1485960,92.05
>=70,2021-10-09,5,1485965,92.05
>=70,2021-10-10,1,1485966,92.05
>=70,2021-10-11,1,1485967,92.05
>=70,2021-10-12,191,1486158,92.06
>=70,2021-10-13,187,1486345,92.07
>=70,2021-10-14,139,1486484,92.08
>=70,2021-10-15,148,1486632,92.09
>=70,2021-10-16,13,1486645,92.09
>=70,2021-10-17,0,1486645,92.09
>=70,2021-10-18,167,1486812,92.1
>=70,2021-10-19,192,1487004,92.11
>=70,2021-10-20,175,1487179,92.12
>=70,2021-10-21,169,1487348,92.13
>=70,2021-10-22,168,1487516,92.14
>=70,2021-10-23,13,1487529,92.14
>=70,2021-10-24,2,1487531,92.14
>=70,2021-10-25,243,1487774,92.16
>=70,2021-10-26,260,1488034,92.17
>=70,2021-10-27,296,1488330,92.19
>=70,2021-10-28,292,1488622,92.21
>=70,2021-10-29,223,1488845,92.22
>=70,2021-10-30,23,1488868,92.23
>=70,2021-10-31,2,1488870,92.23
>=70,2021-11-01,2,1488872,92.23
>=70,2021-11-02,345,1489217,92.25
>=70,2021-11-03,280,1489497,92.27
>=70,2021-11-04,240,1489737,92.28
>=70,2021-11-05,231,1489968,92.29
>=70,2021-11-06,26,1489994,92.3
>=70,2021-11-07,1,1489995,92.3
>=70,2021-11-08,306,1490301,92.32
>=70,2021-11-09,271,1490572,92.33
>=70,2021-11-10,275,1490847,92.35
>=70,2021-11-11,217,1491064,92.36
>=70,2021-11-12,230,1491294,92.38
>=70,2021-11-13,17,1491311,92.38
>=70,2021-11-14,2,1491313,92.38
>=70,2021-11-15,266,1491579,92.39
>=70,2021-11-16,253,1491832,92.41
>=70,2021-11-17,244,1492076,92.43
>=70,2021-11-18,229,1492305,92.44
>=70,2021-11-19,155,1492460,92.45
>=70,2021-11-20,11,1492471,92.45
>=70,2021-11-21,1,1492472,92.45
>=70,2021-11-22,218,1492690,92.46
>=70,2021-11-23,157,1492847,92.47
>=70,2021-11-24,168,1493015,92.48
>=70,2021-11-25,154,1493169,92.49
>=70,2021-11-26,119,1493288,92.5
>=70,2021-11-27,29,1493317,92.5
>=70,2021-11-28,3,1493320,92.5
>=70,2021-11-29,183,1493503,92.51
>=70,2021-11-30,172,1493675,92.52
>=70,2021-12-01,158,1493833,92.53
>=70,2021-12-02,191,1494024,92.55
>=70,2021-12-03,138,1494162,92.55
>=70,2021-12-04,17,1494179,92.56
>=70,2021-12-05,3,1494182,92.56
>=70,2021-12-06,190,1494372,92.57
>=70,2021-12-07,165,1494537,92.58
>=70,2021-12-08,2,1494539,92.58
>=70,2021-12-09,136,1494675,92.59
>=70,2021-12-10,97,1494772,92.59
>=70,2021-12-11,18,1494790,92.59
>=70,2021-12-12,3,1494793,92.59
>=70,2021-12-13,144,1494937,92.6
>=70,2021-12-14,151,1495088,92.61
>=70,2021-12-15,137,1495225,92.62
>=70,2021-12-16,117,1495342,92.63
>=70,2021-12-17,80,1495422,92.63
>=70,2021-12-18,18,1495440,92.63
>=70,2021-12-19,2,1495442,92.63
>=70,2021-12-20,99,1495541,92.64
>=70,2021-12-21,90,1495631,92.65
>=70,2021-12-22,80,1495711,92.65
>=70,2021-12-23,79,1495790,92.66
>=70,2021-12-24,16,1495806,92.66
>=70,2021-12-25,0,1495806,92.66
>=70,2021-12-26,0,1495806,92.66
>=70,2021-12-27,97,1495903,92.66
>=70,2021-12-28,109,1496012,92.67
>=70,2021-12-29,109,1496121,92.68
>=70,2021-12-30,113,1496234,92.68
>=70,2021-12-31,15,1496249,92.68
>=70,2022-01-01,0,1496249,92.68
>=70,2022-01-02,0,1496249,92.68
>=70,2022-01-03,121,1496370,92.69
>=70,2022-01-04,152,1496522,92.7
>=70,2022-01-05,143,1496665,92.71
>=70,2022-01-06,162,1496827,92.72
>=70,2022-01-07,148,1496975,92.73
>=70,2022-01-08,13,1496988,92.73
>=70,2022-01-09,1,1496989,92.73
>=70,2022-01-10,149,1497138,92.74
>=70,2022-01-11,143,1497281,92.75
>=70,2022-01-12,125,1497406,92.76
>=70,2022-01-13,147,1497553,92.76
>=70,2022-01-14,130,1497683,92.77
>=70,2022-01-15,14,1497697,92.77
>=70,2022-01-16,0,1497697,92.77
>=70,2022-01-17,154,1497851,92.78
>=70,2022-01-18,160,1498011,92.79
>=70,2022-01-19,151,1498162,92.8
>=70,2022-01-20,152,1498314,92.81
>=70,2022-01-21,98,1498412,92.82
>=70,2022-01-22,14,1498426,92.82
>=70,2022-01-23,0,1498426,92.82
>=70,2022-01-24,132,1498558,92.83
>=70,2022-01-25,135,1498693,92.83
>=70,2022-01-26,117,1498810,92.84
>=70,2022-01-27,105,1498915,92.85
>=70,2022-01-28,78,1498993,92.85
>=70,2022-01-29,13,1499006,92.85
>=70,2022-01-30,0,1499006,92.85
>=70,2022-01-31,139,1499145,92.86
>=70,2022-02-01,97,1499242,92.87
>=70,2022-02-02,115,1499357,92.88
>=70,2022-02-03,108,1499465,92.88
>=70,2022-02-04,79,1499544,92.89
>=70,2022-02-05,9,1499553,92.89
>=70,2022-02-06,0,1499553,92.89
>=70,2022-02-07,64,1499617,92.89
