region_nombre,Fecha,avance_porcentual,cobertura_porcentual,rango_cobertura
Aysén,2020-12-24,0.0,0.0,<50
Antofagasta,2020-12-24,0.0,0.0,<50
Arica y Parinacota,2020-12-24,0.0,0.0,<50
Atacama,2020-12-24,0.0,0.0,<50
Coquimbo,2020-12-24,0.0,0.0,<50
Araucanía,2020-12-24,0.0,0.0,<50
Los Lagos,2020-12-24,0.0,0.0,<50
Los Ríos,2020-12-24,0.0,0.0,<50
Magallanes,2020-12-24,0.0,0.0,<50
Tarapacá,2020-12-24,0.0,0.0,<50
Valparaíso,2020-12-24,0.0,0.0,<50
Ñuble,2020-12-24,0.0,0.0,<50
Biobío,2020-12-24,0.0,0.0,<50
O’Higgins,2020-12-24,0.0,0.0,<50
Maule,2020-12-24,0.0,0.0,<50
Metropolitana,2020-12-24,0.01,0.0,<50
Aysén,2020-12-25,0.0,0.0,<50
Antofagasta,2020-12-25,0.0,0.0,<50
Arica y Parinacota,2020-12-25,0.0,0.0,<50
Atacama,2020-12-25,0.0,0.0,<50
Coquimbo,2020-12-25,0.0,0.0,<50
Araucanía,2020-12-25,0.07,0.0,<50
Los Lagos,2020-12-25,0.0,0.0,<50
Los Ríos,2020-12-25,0.0,0.0,<50
Magallanes,2020-12-25,0.09,0.0,<50
Tarapacá,2020-12-25,0.0,0.0,<50
Valparaíso,2020-12-25,0.0,0.0,<50
Ñuble,2020-12-25,0.0,0.0,<50
Biobío,2020-12-25,0.08,0.0,<50
O’Higgins,2020-12-25,0.0,0.0,<50
Maule,2020-12-25,0.0,0.0,<50
Metropolitana,2020-12-25,0.04,0.0,<50
Aysén,2020-12-26,0.0,0.0,<50
Antofagasta,2020-12-26,0.0,0.0,<50
Arica y Parinacota,2020-12-26,0.0,0.0,<50
Atacama,2020-12-26,0.0,0.0,<50
Coquimbo,2020-12-26,0.0,0.0,<50
Araucanía,2020-12-26,0.07,0.0,<50
Los Lagos,2020-12-26,0.0,0.0,<50
Los Ríos,2020-12-26,0.0,0.0,<50
Magallanes,2020-12-26,0.09,0.0,<50
Tarapacá,2020-12-26,0.0,0.0,<50
Valparaíso,2020-12-26,0.0,0.0,<50
Ñuble,2020-12-26,0.0,0.0,<50
Biobío,2020-12-26,0.12,0.0,<50
O’Higgins,2020-12-26,0.0,0.0,<50
Maule,2020-12-26,0.0,0.0,<50
Metropolitana,2020-12-26,0.07,0.0,<50
Aysén,2020-12-27,0.0,0.0,<50
Antofagasta,2020-12-27,0.0,0.0,<50
Arica y Parinacota,2020-12-27,0.0,0.0,<50
Atacama,2020-12-27,0.0,0.0,<50
Coquimbo,2020-12-27,0.0,0.0,<50
Araucanía,2020-12-27,0.07,0.0,<50
Los Lagos,2020-12-27,0.0,0.0,<50
Los Ríos,2020-12-27,0.0,0.0,<50
Magallanes,2020-12-27,0.09,0.0,<50
Tarapacá,2020-12-27,0.0,0.0,<50
Valparaíso,2020-12-27,0.0,0.0,<50
Ñuble,2020-12-27,0.0,0.0,<50
Biobío,2020-12-27,0.12,0.0,<50
O’Higgins,2020-12-27,0.0,0.0,<50
Maule,2020-12-27,0.0,0.0,<50
Metropolitana,2020-12-27,0.07,0.0,<50
Aysén,2020-12-28,0.0,0.0,<50
Antofagasta,2020-12-28,0.0,0.0,<50
Arica y Parinacota,2020-12-28,0.0,0.0,<50
Atacama,2020-12-28,0.0,0.0,<50
Coquimbo,2020-12-28,0.0,0.0,<50
Araucanía,2020-12-28,0.07,0.0,<50
Los Lagos,2020-12-28,0.0,0.0,<50
Los Ríos,2020-12-28,0.0,0.0,<50
Magallanes,2020-12-28,0.09,0.0,<50
Tarapacá,2020-12-28,0.0,0.0,<50
Valparaíso,2020-12-28,0.0,0.0,<50
Ñuble,2020-12-28,0.0,0.0,<50
Biobío,2020-12-28,0.12,0.0,<50
O’Higgins,2020-12-28,0.0,0.0,<50
Maule,2020-12-28,0.0,0.0,<50
Metropolitana,2020-12-28,0.07,0.0,<50
Aysén,2020-12-29,0.0,0.0,<50
Antofagasta,2020-12-29,0.0,0.0,<50
Arica y Parinacota,2020-12-29,0.0,0.0,<50
Atacama,2020-12-29,0.0,0.0,<50
Coquimbo,2020-12-29,0.0,0.0,<50
Araucanía,2020-12-29,0.07,0.0,<50
Los Lagos,2020-12-29,0.0,0.0,<50
Los Ríos,2020-12-29,0.0,0.0,<50
Magallanes,2020-12-29,0.09,0.0,<50
Tarapacá,2020-12-29,0.0,0.0,<50
Valparaíso,2020-12-29,0.0,0.0,<50
Ñuble,2020-12-29,0.0,0.0,<50
Biobío,2020-12-29,0.12,0.0,<50
O’Higgins,2020-12-29,0.0,0.0,<50
Maule,2020-12-29,0.0,0.0,<50
Metropolitana,2020-12-29,0.07,0.0,<50
Aysén,2020-12-30,0.0,0.0,<50
Antofagasta,2020-12-30,0.0,0.0,<50
Arica y Parinacota,2020-12-30,0.0,0.0,<50
Atacama,2020-12-30,0.0,0.0,<50
Coquimbo,2020-12-30,0.0,0.0,<50
Araucanía,2020-12-30,0.07,0.0,<50
Los Lagos,2020-12-30,0.0,0.0,<50
Los Ríos,2020-12-30,0.0,0.0,<50
Magallanes,2020-12-30,0.09,0.0,<50
Tarapacá,2020-12-30,0.0,0.0,<50
Valparaíso,2020-12-30,0.0,0.0,<50
Ñuble,2020-12-30,0.0,0.0,<50
Biobío,2020-12-30,0.12,0.0,<50
O’Higgins,2020-12-30,0.0,0.0,<50
Maule,2020-12-30,0.0,0.0,<50
Metropolitana,2020-12-30,0.07,0.0,<50
Aysén,2020-12-31,0.0,0.0,<50
Antofagasta,2020-12-31,0.0,0.0,<50
Arica y Parinacota,2020-12-31,0.0,0.0,<50
Atacama,2020-12-31,0.0,0.0,<50
Coquimbo,2020-12-31,0.0,0.0,<50
Araucanía,2020-12-31,0.07,0.0,<50
Los Lagos,2020-12-31,0.0,0.0,<50
Los Ríos,2020-12-31,0.0,0.0,<50
Magallanes,2020-12-31,0.09,0.0,<50
Tarapacá,2020-12-31,0.0,0.0,<50
Valparaíso,2020-12-31,0.0,0.0,<50
Ñuble,2020-12-31,0.0,0.0,<50
Biobío,2020-12-31,0.12,0.0,<50
O’Higgins,2020-12-31,0.0,0.0,<50
Maule,2020-12-31,0.0,0.0,<50
Metropolitana,2020-12-31,0.07,0.0,<50
Aysén,2021-01-01,0.0,0.0,<50
Antofagasta,2021-01-01,0.0,0.0,<50
Arica y Parinacota,2021-01-01,0.0,0.0,<50
Atacama,2021-01-01,0.0,0.0,<50
Coquimbo,2021-01-01,0.0,0.0,<50
Araucanía,2021-01-01,0.07,0.0,<50
Los Lagos,2021-01-01,0.0,0.0,<50
Los Ríos,2021-01-01,0.0,0.0,<50
Magallanes,2021-01-01,0.09,0.0,<50
Tarapacá,2021-01-01,0.0,0.0,<50
Valparaíso,2021-01-01,0.0,0.0,<50
Ñuble,2021-01-01,0.0,0.0,<50
Biobío,2021-01-01,0.12,0.0,<50
O’Higgins,2021-01-01,0.0,0.0,<50
Maule,2021-01-01,0.0,0.0,<50
Metropolitana,2021-01-01,0.07,0.0,<50
Aysén,2021-01-02,0.0,0.0,<50
Antofagasta,2021-01-02,0.0,0.0,<50
Arica y Parinacota,2021-01-02,0.0,0.0,<50
Atacama,2021-01-02,0.0,0.0,<50
Coquimbo,2021-01-02,0.0,0.0,<50
Araucanía,2021-01-02,0.07,0.0,<50
Los Lagos,2021-01-02,0.0,0.0,<50
Los Ríos,2021-01-02,0.0,0.0,<50
Magallanes,2021-01-02,0.09,0.0,<50
Tarapacá,2021-01-02,0.0,0.0,<50
Valparaíso,2021-01-02,0.0,0.0,<50
Ñuble,2021-01-02,0.0,0.0,<50
Biobío,2021-01-02,0.12,0.0,<50
O’Higgins,2021-01-02,0.0,0.0,<50
Maule,2021-01-02,0.0,0.0,<50
Metropolitana,2021-01-02,0.07,0.0,<50
Aysén,2021-01-03,0.0,0.0,<50
Antofagasta,2021-01-03,0.0,0.0,<50
Arica y Parinacota,2021-01-03,0.0,0.0,<50
Atacama,2021-01-03,0.0,0.0,<50
Coquimbo,2021-01-03,0.0,0.0,<50
Araucanía,2021-01-03,0.07,0.0,<50
Los Lagos,2021-01-03,0.0,0.0,<50
Los Ríos,2021-01-03,0.0,0.0,<50
Magallanes,2021-01-03,0.09,0.0,<50
Tarapacá,2021-01-03,0.0,0.0,<50
Valparaíso,2021-01-03,0.0,0.0,<50
Ñuble,2021-01-03,0.0,0.0,<50
Biobío,2021-01-03,0.12,0.0,<50
O’Higgins,2021-01-03,0.0,0.0,<50
Maule,2021-01-03,0.0,0.0,<50
Metropolitana,2021-01-03,0.07,0.0,<50
Aysén,2021-01-04,0.0,0.0,<50
Antofagasta,2021-01-04,0.0,0.0,<50
Arica y Parinacota,2021-01-04,0.0,0.0,<50
Atacama,2021-01-04,0.0,0.0,<50
Coquimbo,2021-01-04,0.0,0.0,<50
Araucanía,2021-01-04,0.07,0.0,<50
Los Lagos,2021-01-04,0.0,0.0,<50
Los Ríos,2021-01-04,0.02,0.0,<50
Magallanes,2021-01-04,0.09,0.0,<50
Tarapacá,2021-01-04,0.0,0.0,<50
Valparaíso,2021-01-04,0.0,0.0,<50
Ñuble,2021-01-04,0.0,0.0,<50
Biobío,2021-01-04,0.12,0.0,<50
O’Higgins,2021-01-04,0.0,0.0,<50
Maule,2021-01-04,0.02,0.0,<50
Metropolitana,2021-01-04,0.07,0.0,<50
Aysén,2021-01-05,0.0,0.0,<50
Antofagasta,2021-01-05,0.0,0.0,<50
Arica y Parinacota,2021-01-05,0.0,0.0,<50
Atacama,2021-01-05,0.0,0.0,<50
Coquimbo,2021-01-05,0.0,0.0,<50
Araucanía,2021-01-05,0.07,0.0,<50
Los Lagos,2021-01-05,0.04,0.0,<50
Los Ríos,2021-01-05,0.04,0.0,<50
Magallanes,2021-01-05,0.09,0.0,<50
Tarapacá,2021-01-05,0.03,0.0,<50
Valparaíso,2021-01-05,0.03,0.0,<50
Ñuble,2021-01-05,0.0,0.0,<50
Biobío,2021-01-05,0.12,0.0,<50
O’Higgins,2021-01-05,0.0,0.0,<50
Maule,2021-01-05,0.04,0.0,<50
Metropolitana,2021-01-05,0.07,0.0,<50
Aysén,2021-01-06,0.0,0.0,<50
Antofagasta,2021-01-06,0.0,0.0,<50
Arica y Parinacota,2021-01-06,0.0,0.0,<50
Atacama,2021-01-06,0.0,0.0,<50
Coquimbo,2021-01-06,0.0,0.0,<50
Araucanía,2021-01-06,0.07,0.0,<50
Los Lagos,2021-01-06,0.06,0.0,<50
Los Ríos,2021-01-06,0.04,0.0,<50
Magallanes,2021-01-06,0.09,0.0,<50
Tarapacá,2021-01-06,0.04,0.0,<50
Valparaíso,2021-01-06,0.03,0.0,<50
Ñuble,2021-01-06,0.0,0.0,<50
Biobío,2021-01-06,0.12,0.0,<50
O’Higgins,2021-01-06,0.0,0.0,<50
Maule,2021-01-06,0.04,0.0,<50
Metropolitana,2021-01-06,0.07,0.0,<50
Aysén,2021-01-07,0.0,0.0,<50
Antofagasta,2021-01-07,0.0,0.0,<50
Arica y Parinacota,2021-01-07,0.0,0.0,<50
Atacama,2021-01-07,0.0,0.0,<50
Coquimbo,2021-01-07,0.0,0.0,<50
Araucanía,2021-01-07,0.07,0.0,<50
Los Lagos,2021-01-07,0.06,0.0,<50
Los Ríos,2021-01-07,0.04,0.0,<50
Magallanes,2021-01-07,0.09,0.0,<50
Tarapacá,2021-01-07,0.04,0.0,<50
Valparaíso,2021-01-07,0.03,0.0,<50
Ñuble,2021-01-07,0.0,0.0,<50
Biobío,2021-01-07,0.12,0.0,<50
O’Higgins,2021-01-07,0.0,0.0,<50
Maule,2021-01-07,0.04,0.0,<50
Metropolitana,2021-01-07,0.07,0.0,<50
Aysén,2021-01-08,0.0,0.0,<50
Antofagasta,2021-01-08,0.0,0.0,<50
Arica y Parinacota,2021-01-08,0.0,0.0,<50
Atacama,2021-01-08,0.0,0.0,<50
Coquimbo,2021-01-08,0.0,0.0,<50
Araucanía,2021-01-08,0.07,0.0,<50
Los Lagos,2021-01-08,0.06,0.0,<50
Los Ríos,2021-01-08,0.04,0.0,<50
Magallanes,2021-01-08,0.09,0.0,<50
Tarapacá,2021-01-08,0.04,0.0,<50
Valparaíso,2021-01-08,0.03,0.0,<50
Ñuble,2021-01-08,0.0,0.0,<50
Biobío,2021-01-08,0.12,0.0,<50
O’Higgins,2021-01-08,0.0,0.0,<50
Maule,2021-01-08,0.04,0.0,<50
Metropolitana,2021-01-08,0.07,0.0,<50
Aysén,2021-01-09,0.0,0.0,<50
Antofagasta,2021-01-09,0.0,0.0,<50
Arica y Parinacota,2021-01-09,0.0,0.0,<50
Atacama,2021-01-09,0.0,0.0,<50
Coquimbo,2021-01-09,0.0,0.0,<50
Araucanía,2021-01-09,0.07,0.0,<50
Los Lagos,2021-01-09,0.06,0.0,<50
Los Ríos,2021-01-09,0.04,0.0,<50
Magallanes,2021-01-09,0.09,0.0,<50
Tarapacá,2021-01-09,0.04,0.0,<50
Valparaíso,2021-01-09,0.03,0.0,<50
Ñuble,2021-01-09,0.0,0.0,<50
Biobío,2021-01-09,0.12,0.0,<50
O’Higgins,2021-01-09,0.0,0.0,<50
Maule,2021-01-09,0.04,0.0,<50
Metropolitana,2021-01-09,0.07,0.0,<50
Aysén,2021-01-10,0.0,0.0,<50
Antofagasta,2021-01-10,0.0,0.0,<50
Arica y Parinacota,2021-01-10,0.0,0.0,<50
Atacama,2021-01-10,0.0,0.0,<50
Coquimbo,2021-01-10,0.0,0.0,<50
Araucanía,2021-01-10,0.07,0.0,<50
Los Lagos,2021-01-10,0.06,0.0,<50
Los Ríos,2021-01-10,0.04,0.0,<50
Magallanes,2021-01-10,0.09,0.0,<50
Tarapacá,2021-01-10,0.04,0.0,<50
Valparaíso,2021-01-10,0.03,0.0,<50
Ñuble,2021-01-10,0.0,0.0,<50
Biobío,2021-01-10,0.12,0.0,<50
O’Higgins,2021-01-10,0.0,0.0,<50
Maule,2021-01-10,0.04,0.0,<50
Metropolitana,2021-01-10,0.07,0.0,<50
Aysén,2021-01-11,0.0,0.0,<50
Antofagasta,2021-01-11,0.0,0.0,<50
Arica y Parinacota,2021-01-11,0.0,0.0,<50
Atacama,2021-01-11,0.0,0.0,<50
Coquimbo,2021-01-11,0.0,0.0,<50
Araucanía,2021-01-11,0.07,0.0,<50
Los Lagos,2021-01-11,0.06,0.0,<50
Los Ríos,2021-01-11,0.04,0.0,<50
Magallanes,2021-01-11,0.09,0.0,<50
Tarapacá,2021-01-11,0.04,0.0,<50
Valparaíso,2021-01-11,0.03,0.0,<50
Ñuble,2021-01-11,0.0,0.0,<50
Biobío,2021-01-11,0.12,0.0,<50
O’Higgins,2021-01-11,0.0,0.0,<50
Maule,2021-01-11,0.04,0.0,<50
Metropolitana,2021-01-11,0.07,0.0,<50
Aysén,2021-01-12,0.0,0.0,<50
Antofagasta,2021-01-12,0.0,0.0,<50
Arica y Parinacota,2021-01-12,0.0,0.0,<50
Atacama,2021-01-12,0.0,0.0,<50
Coquimbo,2021-01-12,0.0,0.0,<50
Araucanía,2021-01-12,0.07,0.0,<50
Los Lagos,2021-01-12,0.06,0.0,<50
Los Ríos,2021-01-12,0.04,0.0,<50
Magallanes,2021-01-12,0.09,0.0,<50
Tarapacá,2021-01-12,0.04,0.0,<50
Valparaíso,2021-01-12,0.03,0.0,<50
Ñuble,2021-01-12,0.0,0.0,<50
Biobío,2021-01-12,0.12,0.0,<50
O’Higgins,2021-01-12,0.0,0.0,<50
Maule,2021-01-12,0.04,0.0,<50
Metropolitana,2021-01-12,0.07,0.0,<50
Aysén,2021-01-13,0.0,0.0,<50
Antofagasta,2021-01-13,0.0,0.0,<50
Arica y Parinacota,2021-01-13,0.0,0.0,<50
Atacama,2021-01-13,0.0,0.0,<50
Coquimbo,2021-01-13,0.0,0.0,<50
Araucanía,2021-01-13,0.07,0.0,<50
Los Lagos,2021-01-13,0.06,0.0,<50
Los Ríos,2021-01-13,0.04,0.0,<50
Magallanes,2021-01-13,0.09,0.07,<50
Tarapacá,2021-01-13,0.04,0.0,<50
Valparaíso,2021-01-13,0.03,0.0,<50
Ñuble,2021-01-13,0.0,0.0,<50
Biobío,2021-01-13,0.12,0.0,<50
O’Higgins,2021-01-13,0.0,0.0,<50
Maule,2021-01-13,0.04,0.0,<50
Metropolitana,2021-01-13,0.07,0.01,<50
Aysén,2021-01-14,0.0,0.0,<50
Antofagasta,2021-01-14,0.0,0.0,<50
Arica y Parinacota,2021-01-14,0.0,0.0,<50
Atacama,2021-01-14,0.0,0.0,<50
Coquimbo,2021-01-14,0.0,0.0,<50
Araucanía,2021-01-14,0.07,0.07,<50
Los Lagos,2021-01-14,0.06,0.0,<50
Los Ríos,2021-01-14,0.04,0.0,<50
Magallanes,2021-01-14,0.09,0.09,<50
Tarapacá,2021-01-14,0.04,0.0,<50
Valparaíso,2021-01-14,0.07,0.0,<50
Ñuble,2021-01-14,0.0,0.0,<50
Biobío,2021-01-14,0.13,0.09,<50
O’Higgins,2021-01-14,0.0,0.0,<50
Maule,2021-01-14,0.04,0.0,<50
Metropolitana,2021-01-14,0.09,0.04,<50
Aysén,2021-01-15,0.0,0.0,<50
Antofagasta,2021-01-15,0.0,0.0,<50
Arica y Parinacota,2021-01-15,0.0,0.0,<50
Atacama,2021-01-15,0.0,0.0,<50
Coquimbo,2021-01-15,0.0,0.0,<50
Araucanía,2021-01-15,0.07,0.07,<50
Los Lagos,2021-01-15,0.06,0.0,<50
Los Ríos,2021-01-15,0.04,0.0,<50
Magallanes,2021-01-15,0.09,0.09,<50
Tarapacá,2021-01-15,0.04,0.0,<50
Valparaíso,2021-01-15,0.07,0.0,<50
Ñuble,2021-01-15,0.0,0.0,<50
Biobío,2021-01-15,0.13,0.12,<50
O’Higgins,2021-01-15,0.0,0.0,<50
Maule,2021-01-15,0.04,0.0,<50
Metropolitana,2021-01-15,0.1,0.07,<50
Aysén,2021-01-16,0.0,0.0,<50
Antofagasta,2021-01-16,0.0,0.0,<50
Arica y Parinacota,2021-01-16,0.0,0.0,<50
Atacama,2021-01-16,0.0,0.0,<50
Coquimbo,2021-01-16,0.0,0.0,<50
Araucanía,2021-01-16,0.07,0.07,<50
Los Lagos,2021-01-16,0.06,0.0,<50
Los Ríos,2021-01-16,0.04,0.0,<50
Magallanes,2021-01-16,0.09,0.09,<50
Tarapacá,2021-01-16,0.04,0.0,<50
Valparaíso,2021-01-16,0.07,0.0,<50
Ñuble,2021-01-16,0.0,0.0,<50
Biobío,2021-01-16,0.13,0.12,<50
O’Higgins,2021-01-16,0.0,0.0,<50
Maule,2021-01-16,0.04,0.0,<50
Metropolitana,2021-01-16,0.1,0.07,<50
Aysén,2021-01-17,0.0,0.0,<50
Antofagasta,2021-01-17,0.0,0.0,<50
Arica y Parinacota,2021-01-17,0.0,0.0,<50
Atacama,2021-01-17,0.0,0.0,<50
Coquimbo,2021-01-17,0.0,0.0,<50
Araucanía,2021-01-17,0.07,0.07,<50
Los Lagos,2021-01-17,0.06,0.0,<50
Los Ríos,2021-01-17,0.04,0.0,<50
Magallanes,2021-01-17,0.09,0.09,<50
Tarapacá,2021-01-17,0.04,0.0,<50
Valparaíso,2021-01-17,0.07,0.0,<50
Ñuble,2021-01-17,0.0,0.0,<50
Biobío,2021-01-17,0.13,0.12,<50
O’Higgins,2021-01-17,0.0,0.0,<50
Maule,2021-01-17,0.04,0.0,<50
Metropolitana,2021-01-17,0.1,0.07,<50
Aysén,2021-01-18,0.58,0.0,<50
Antofagasta,2021-01-18,0.39,0.0,<50
Arica y Parinacota,2021-01-18,0.35,0.0,<50
Atacama,2021-01-18,0.1,0.0,<50
Coquimbo,2021-01-18,0.29,0.0,<50
Araucanía,2021-01-18,0.07,0.07,<50
Los Lagos,2021-01-18,0.06,0.0,<50
Los Ríos,2021-01-18,0.04,0.0,<50
Magallanes,2021-01-18,0.09,0.09,<50
Tarapacá,2021-01-18,0.04,0.0,<50
Valparaíso,2021-01-18,0.07,0.0,<50
Ñuble,2021-01-18,0.33,0.0,<50
Biobío,2021-01-18,0.13,0.12,<50
O’Higgins,2021-01-18,0.22,0.0,<50
Maule,2021-01-18,0.04,0.0,<50
Metropolitana,2021-01-18,0.1,0.07,<50
Aysén,2021-01-19,1.58,0.0,<50
Antofagasta,2021-01-19,0.76,0.0,<50
Arica y Parinacota,2021-01-19,0.83,0.0,<50
Atacama,2021-01-19,0.52,0.0,<50
Coquimbo,2021-01-19,0.73,0.0,<50
Araucanía,2021-01-19,0.07,0.07,<50
Los Lagos,2021-01-19,0.06,0.0,<50
Los Ríos,2021-01-19,0.04,0.0,<50
Magallanes,2021-01-19,0.09,0.09,<50
Tarapacá,2021-01-19,0.04,0.0,<50
Valparaíso,2021-01-19,0.07,0.0,<50
Ñuble,2021-01-19,1.06,0.0,<50
Biobío,2021-01-19,0.13,0.12,<50
O’Higgins,2021-01-19,0.79,0.0,<50
Maule,2021-01-19,0.04,0.0,<50
Metropolitana,2021-01-19,0.1,0.07,<50
Aysén,2021-01-20,1.83,0.0,<50
Antofagasta,2021-01-20,0.87,0.0,<50
Arica y Parinacota,2021-01-20,1.1,0.0,<50
Atacama,2021-01-20,0.79,0.0,<50
Coquimbo,2021-01-20,0.97,0.0,<50
Araucanía,2021-01-20,0.07,0.07,<50
Los Lagos,2021-01-20,0.06,0.0,<50
Los Ríos,2021-01-20,0.04,0.0,<50
Magallanes,2021-01-20,0.09,0.09,<50
Tarapacá,2021-01-20,0.04,0.0,<50
Valparaíso,2021-01-20,0.07,0.0,<50
Ñuble,2021-01-20,1.51,0.0,<50
Biobío,2021-01-20,0.13,0.12,<50
O’Higgins,2021-01-20,1.03,0.0,<50
Maule,2021-01-20,0.04,0.0,<50
Metropolitana,2021-01-20,0.1,0.07,<50
Aysén,2021-01-21,1.9,0.0,<50
Antofagasta,2021-01-21,0.87,0.0,<50
Arica y Parinacota,2021-01-21,1.13,0.0,<50
Atacama,2021-01-21,1.14,0.0,<50
Coquimbo,2021-01-21,1.03,0.0,<50
Araucanía,2021-01-21,0.07,0.07,<50
Los Lagos,2021-01-21,0.06,0.0,<50
Los Ríos,2021-01-21,0.04,0.0,<50
Magallanes,2021-01-21,0.09,0.09,<50
Tarapacá,2021-01-21,0.04,0.0,<50
Valparaíso,2021-01-21,0.07,0.0,<50
Ñuble,2021-01-21,1.51,0.0,<50
Biobío,2021-01-21,0.13,0.12,<50
O’Higgins,2021-01-21,1.16,0.0,<50
Maule,2021-01-21,0.04,0.0,<50
Metropolitana,2021-01-21,0.1,0.07,<50
Aysén,2021-01-22,1.9,0.0,<50
Antofagasta,2021-01-22,0.87,0.0,<50
Arica y Parinacota,2021-01-22,1.13,0.0,<50
Atacama,2021-01-22,1.22,0.0,<50
Coquimbo,2021-01-22,1.03,0.0,<50
Araucanía,2021-01-22,0.07,0.07,<50
Los Lagos,2021-01-22,0.06,0.0,<50
Los Ríos,2021-01-22,0.04,0.0,<50
Magallanes,2021-01-22,0.09,0.09,<50
Tarapacá,2021-01-22,0.04,0.0,<50
Valparaíso,2021-01-22,0.07,0.0,<50
Ñuble,2021-01-22,1.51,0.0,<50
Biobío,2021-01-22,0.13,0.12,<50
O’Higgins,2021-01-22,1.17,0.0,<50
Maule,2021-01-22,0.04,0.0,<50
Metropolitana,2021-01-22,0.1,0.07,<50
Aysén,2021-01-23,1.9,0.0,<50
Antofagasta,2021-01-23,0.87,0.0,<50
Arica y Parinacota,2021-01-23,1.13,0.0,<50
Atacama,2021-01-23,1.22,0.0,<50
Coquimbo,2021-01-23,1.03,0.0,<50
Araucanía,2021-01-23,0.07,0.07,<50
Los Lagos,2021-01-23,0.06,0.0,<50
Los Ríos,2021-01-23,0.04,0.0,<50
Magallanes,2021-01-23,0.09,0.09,<50
Tarapacá,2021-01-23,0.04,0.0,<50
Valparaíso,2021-01-23,0.07,0.0,<50
Ñuble,2021-01-23,1.51,0.0,<50
Biobío,2021-01-23,0.13,0.12,<50
O’Higgins,2021-01-23,1.17,0.0,<50
Maule,2021-01-23,0.04,0.0,<50
Metropolitana,2021-01-23,0.1,0.07,<50
Aysén,2021-01-24,1.9,0.0,<50
Antofagasta,2021-01-24,0.87,0.0,<50
Arica y Parinacota,2021-01-24,1.13,0.0,<50
Atacama,2021-01-24,1.22,0.0,<50
Coquimbo,2021-01-24,1.03,0.0,<50
Araucanía,2021-01-24,0.07,0.07,<50
Los Lagos,2021-01-24,0.06,0.0,<50
Los Ríos,2021-01-24,0.04,0.0,<50
Magallanes,2021-01-24,0.09,0.09,<50
Tarapacá,2021-01-24,0.04,0.0,<50
Valparaíso,2021-01-24,0.07,0.0,<50
Ñuble,2021-01-24,1.51,0.0,<50
Biobío,2021-01-24,0.13,0.12,<50
O’Higgins,2021-01-24,1.17,0.0,<50
Maule,2021-01-24,0.04,0.0,<50
Metropolitana,2021-01-24,0.1,0.07,<50
Aysén,2021-01-25,1.9,0.0,<50
Antofagasta,2021-01-25,0.87,0.0,<50
Arica y Parinacota,2021-01-25,1.13,0.0,<50
Atacama,2021-01-25,1.22,0.0,<50
Coquimbo,2021-01-25,1.03,0.0,<50
Araucanía,2021-01-25,0.07,0.07,<50
Los Lagos,2021-01-25,0.06,0.04,<50
Los Ríos,2021-01-25,0.04,0.02,<50
Magallanes,2021-01-25,0.09,0.09,<50
Tarapacá,2021-01-25,0.04,0.0,<50
Valparaíso,2021-01-25,0.07,0.03,<50
Ñuble,2021-01-25,1.51,0.0,<50
Biobío,2021-01-25,0.13,0.12,<50
O’Higgins,2021-01-25,1.17,0.0,<50
Maule,2021-01-25,0.04,0.03,<50
Metropolitana,2021-01-25,0.1,0.07,<50
Aysén,2021-01-26,1.9,0.0,<50
Antofagasta,2021-01-26,0.87,0.0,<50
Arica y Parinacota,2021-01-26,1.13,0.0,<50
Atacama,2021-01-26,1.22,0.0,<50
Coquimbo,2021-01-26,1.03,0.0,<50
Araucanía,2021-01-26,0.07,0.07,<50
Los Lagos,2021-01-26,0.06,0.06,<50
Los Ríos,2021-01-26,0.04,0.04,<50
Magallanes,2021-01-26,0.09,0.09,<50
Tarapacá,2021-01-26,0.04,0.04,<50
Valparaíso,2021-01-26,0.07,0.03,<50
Ñuble,2021-01-26,1.51,0.0,<50
Biobío,2021-01-26,0.13,0.12,<50
O’Higgins,2021-01-26,1.17,0.0,<50
Maule,2021-01-26,0.04,0.04,<50
Metropolitana,2021-01-26,0.1,0.07,<50
Aysén,2021-01-27,1.9,0.0,<50
Antofagasta,2021-01-27,0.87,0.0,<50
Arica y Parinacota,2021-01-27,1.13,0.0,<50
Atacama,2021-01-27,1.22,0.0,<50
Coquimbo,2021-01-27,1.03,0.0,<50
Araucanía,2021-01-27,0.07,0.07,<50
Los Lagos,2021-01-27,0.06,0.06,<50
Los Ríos,2021-01-27,0.04,0.04,<50
Magallanes,2021-01-27,0.09,0.09,<50
Tarapacá,2021-01-27,0.04,0.04,<50
Valparaíso,2021-01-27,0.07,0.03,<50
Ñuble,2021-01-27,1.51,0.0,<50
Biobío,2021-01-27,0.13,0.12,<50
O’Higgins,2021-01-27,1.17,0.0,<50
Maule,2021-01-27,0.04,0.04,<50
Metropolitana,2021-01-27,0.1,0.07,<50
Aysén,2021-01-28,1.9,0.0,<50
Antofagasta,2021-01-28,0.87,0.0,<50
Arica y Parinacota,2021-01-28,1.13,0.0,<50
Atacama,2021-01-28,1.22,0.0,<50
Coquimbo,2021-01-28,1.03,0.0,<50
Araucanía,2021-01-28,0.07,0.07,<50
Los Lagos,2021-01-28,0.06,0.06,<50
Los Ríos,2021-01-28,0.04,0.04,<50
Magallanes,2021-01-28,0.09,0.09,<50
Tarapacá,2021-01-28,0.04,0.04,<50
Valparaíso,2021-01-28,0.07,0.03,<50
Ñuble,2021-01-28,1.51,0.0,<50
Biobío,2021-01-28,0.13,0.12,<50
O’Higgins,2021-01-28,1.17,0.0,<50
Maule,2021-01-28,0.04,0.04,<50
Metropolitana,2021-01-28,0.1,0.07,<50
Aysén,2021-01-29,1.9,0.0,<50
Antofagasta,2021-01-29,0.87,0.0,<50
Arica y Parinacota,2021-01-29,1.13,0.0,<50
Atacama,2021-01-29,1.22,0.0,<50
Coquimbo,2021-01-29,1.03,0.0,<50
Araucanía,2021-01-29,0.07,0.07,<50
Los Lagos,2021-01-29,0.06,0.06,<50
Los Ríos,2021-01-29,0.04,0.04,<50
Magallanes,2021-01-29,0.09,0.09,<50
Tarapacá,2021-01-29,0.04,0.04,<50
Valparaíso,2021-01-29,0.07,0.03,<50
Ñuble,2021-01-29,1.51,0.0,<50
Biobío,2021-01-29,0.13,0.12,<50
O’Higgins,2021-01-29,1.17,0.0,<50
Maule,2021-01-29,0.04,0.04,<50
Metropolitana,2021-01-29,0.1,0.07,<50
Aysén,2021-01-30,1.9,0.0,<50
Antofagasta,2021-01-30,0.87,0.0,<50
Arica y Parinacota,2021-01-30,1.13,0.0,<50
Atacama,2021-01-30,1.22,0.0,<50
Coquimbo,2021-01-30,1.03,0.0,<50
Araucanía,2021-01-30,0.07,0.07,<50
Los Lagos,2021-01-30,0.06,0.06,<50
Los Ríos,2021-01-30,0.04,0.04,<50
Magallanes,2021-01-30,0.09,0.09,<50
Tarapacá,2021-01-30,0.04,0.04,<50
Valparaíso,2021-01-30,0.07,0.03,<50
Ñuble,2021-01-30,1.51,0.0,<50
Biobío,2021-01-30,0.13,0.12,<50
O’Higgins,2021-01-30,1.17,0.0,<50
Maule,2021-01-30,0.04,0.04,<50
Metropolitana,2021-01-30,0.1,0.07,<50
Aysén,2021-01-31,1.9,0.0,<50
Antofagasta,2021-01-31,0.87,0.0,<50
Arica y Parinacota,2021-01-31,1.13,0.0,<50
Atacama,2021-01-31,1.22,0.0,<50
Coquimbo,2021-01-31,1.03,0.0,<50
Araucanía,2021-01-31,0.07,0.07,<50
Los Lagos,2021-01-31,0.06,0.06,<50
Los Ríos,2021-01-31,0.04,0.04,<50
Magallanes,2021-01-31,0.09,0.09,<50
Tarapacá,2021-01-31,0.04,0.04,<50
Valparaíso,2021-01-31,0.07,0.03,<50
Ñuble,2021-01-31,1.51,0.0,<50
Biobío,2021-01-31,0.13,0.12,<50
O’Higgins,2021-01-31,1.17,0.0,<50
Maule,2021-01-31,0.04,0.04,<50
Metropolitana,2021-01-31,0.1,0.07,<50
Aysén,2021-02-01,1.9,0.0,<50
Antofagasta,2021-02-01,0.87,0.0,<50
Arica y Parinacota,2021-02-01,1.13,0.0,<50
Atacama,2021-02-01,1.22,0.0,<50
Coquimbo,2021-02-01,1.03,0.0,<50
Araucanía,2021-02-01,0.07,0.07,<50
Los Lagos,2021-02-01,0.06,0.06,<50
Los Ríos,2021-02-01,0.04,0.04,<50
Magallanes,2021-02-01,0.09,0.09,<50
Tarapacá,2021-02-01,0.04,0.04,<50
Valparaíso,2021-02-01,0.07,0.03,<50
Ñuble,2021-02-01,1.51,0.0,<50
Biobío,2021-02-01,0.13,0.12,<50
O’Higgins,2021-02-01,1.17,0.0,<50
Maule,2021-02-01,0.04,0.04,<50
Metropolitana,2021-02-01,0.1,0.07,<50
Aysén,2021-02-02,2.1,0.0,<50
Antofagasta,2021-02-02,0.9,0.0,<50
Arica y Parinacota,2021-02-02,1.16,0.0,<50
Atacama,2021-02-02,1.22,0.0,<50
Coquimbo,2021-02-02,1.03,0.0,<50
Araucanía,2021-02-02,0.09,0.07,<50
Los Lagos,2021-02-02,0.09,0.06,<50
Los Ríos,2021-02-02,0.19,0.04,<50
Magallanes,2021-02-02,0.12,0.09,<50
Tarapacá,2021-02-02,0.09,0.04,<50
Valparaíso,2021-02-02,0.16,0.03,<50
Ñuble,2021-02-02,1.52,0.0,<50
Biobío,2021-02-02,0.38,0.12,<50
O’Higgins,2021-02-02,1.19,0.0,<50
Maule,2021-02-02,0.15,0.04,<50
Metropolitana,2021-02-02,0.15,0.07,<50
Aysén,2021-02-03,3.31,0.0,<50
Antofagasta,2021-02-03,1.32,0.0,<50
Arica y Parinacota,2021-02-03,1.73,0.0,<50
Atacama,2021-02-03,2.99,0.0,<50
Coquimbo,2021-02-03,1.51,0.0,<50
Araucanía,2021-02-03,1.31,0.07,<50
Los Lagos,2021-02-03,1.09,0.06,<50
Los Ríos,2021-02-03,1.35,0.04,<50
Magallanes,2021-02-03,2.0,0.09,<50
Tarapacá,2021-02-03,0.64,0.04,<50
Valparaíso,2021-02-03,0.98,0.03,<50
Ñuble,2021-02-03,2.62,0.0,<50
Biobío,2021-02-03,1.69,0.12,<50
O’Higgins,2021-02-03,1.9,0.0,<50
Maule,2021-02-03,1.25,0.04,<50
Metropolitana,2021-02-03,0.87,0.07,<50
Aysén,2021-02-04,4.58,0.0,<50
Antofagasta,2021-02-04,1.82,0.0,<50
Arica y Parinacota,2021-02-04,2.84,0.0,<50
Atacama,2021-02-04,4.83,0.0,<50
Coquimbo,2021-02-04,2.08,0.0,<50
Araucanía,2021-02-04,2.2,0.07,<50
Los Lagos,2021-02-04,2.04,0.06,<50
Los Ríos,2021-02-04,2.5,0.04,<50
Magallanes,2021-02-04,3.73,0.09,<50
Tarapacá,2021-02-04,1.15,0.04,<50
Valparaíso,2021-02-04,1.89,0.07,<50
Ñuble,2021-02-04,3.92,0.0,<50
Biobío,2021-02-04,2.8,0.12,<50
O’Higgins,2021-02-04,2.83,0.0,<50
Maule,2021-02-04,2.33,0.04,<50
Metropolitana,2021-02-04,1.64,0.08,<50
Aysén,2021-02-05,5.63,0.0,<50
Antofagasta,2021-02-05,2.25,0.0,<50
Arica y Parinacota,2021-02-05,3.77,0.0,<50
Atacama,2021-02-05,6.33,0.0,<50
Coquimbo,2021-02-05,2.65,0.0,<50
Araucanía,2021-02-05,2.99,0.07,<50
Los Lagos,2021-02-05,3.0,0.06,<50
Los Ríos,2021-02-05,3.57,0.04,<50
Magallanes,2021-02-05,4.99,0.09,<50
Tarapacá,2021-02-05,1.77,0.04,<50
Valparaíso,2021-02-05,2.87,0.07,<50
Ñuble,2021-02-05,5.13,0.0,<50
Biobío,2021-02-05,3.78,0.12,<50
O’Higgins,2021-02-05,3.72,0.0,<50
Maule,2021-02-05,3.49,0.04,<50
Metropolitana,2021-02-05,2.4,0.09,<50
Aysén,2021-02-06,5.65,0.0,<50
Antofagasta,2021-02-06,2.28,0.0,<50
Arica y Parinacota,2021-02-06,3.89,0.0,<50
Atacama,2021-02-06,6.47,0.0,<50
Coquimbo,2021-02-06,2.65,0.0,<50
Araucanía,2021-02-06,3.1,0.07,<50
Los Lagos,2021-02-06,3.4,0.06,<50
Los Ríos,2021-02-06,3.71,0.04,<50
Magallanes,2021-02-06,5.01,0.09,<50
Tarapacá,2021-02-06,1.91,0.04,<50
Valparaíso,2021-02-06,2.93,0.07,<50
Ñuble,2021-02-06,5.17,0.0,<50
Biobío,2021-02-06,4.03,0.12,<50
O’Higgins,2021-02-06,3.83,0.0,<50
Maule,2021-02-06,3.83,0.04,<50
Metropolitana,2021-02-06,2.53,0.09,<50
Aysén,2021-02-07,5.65,0.0,<50
Antofagasta,2021-02-07,2.28,0.0,<50
Arica y Parinacota,2021-02-07,3.91,0.0,<50
Atacama,2021-02-07,6.47,0.0,<50
Coquimbo,2021-02-07,2.65,0.0,<50
Araucanía,2021-02-07,3.1,0.07,<50
Los Lagos,2021-02-07,3.48,0.06,<50
Los Ríos,2021-02-07,3.84,0.04,<50
Magallanes,2021-02-07,5.01,0.09,<50
Tarapacá,2021-02-07,1.91,0.04,<50
Valparaíso,2021-02-07,2.94,0.07,<50
Ñuble,2021-02-07,5.2,0.0,<50
Biobío,2021-02-07,4.19,0.12,<50
O’Higgins,2021-02-07,3.84,0.0,<50
Maule,2021-02-07,4.06,0.04,<50
Metropolitana,2021-02-07,2.55,0.09,<50
Aysén,2021-02-08,6.8,0.6,<50
Antofagasta,2021-02-08,2.79,0.34,<50
Arica y Parinacota,2021-02-08,4.86,0.35,<50
Atacama,2021-02-08,7.61,0.16,<50
Coquimbo,2021-02-08,3.57,0.33,<50
Araucanía,2021-02-08,4.2,0.07,<50
Los Lagos,2021-02-08,4.91,0.06,<50
Los Ríos,2021-02-08,5.18,0.04,<50
Magallanes,2021-02-08,6.77,0.09,<50
Tarapacá,2021-02-08,2.78,0.04,<50
Valparaíso,2021-02-08,4.34,0.07,<50
Ñuble,2021-02-08,6.6,0.39,<50
Biobío,2021-02-08,5.59,0.12,<50
O’Higgins,2021-02-08,4.82,0.26,<50
Maule,2021-02-08,5.35,0.04,<50
Metropolitana,2021-02-08,3.56,0.09,<50
Aysén,2021-02-09,7.87,1.56,<50
Antofagasta,2021-02-09,3.42,0.75,<50
Arica y Parinacota,2021-02-09,5.86,0.82,<50
Atacama,2021-02-09,8.37,0.55,<50
Coquimbo,2021-02-09,4.62,0.76,<50
Araucanía,2021-02-09,5.61,0.07,<50
Los Lagos,2021-02-09,6.36,0.06,<50
Los Ríos,2021-02-09,6.87,0.04,<50
Magallanes,2021-02-09,8.61,0.09,<50
Tarapacá,2021-02-09,3.8,0.04,<50
Valparaíso,2021-02-09,5.87,0.07,<50
Ñuble,2021-02-09,8.12,1.11,<50
Biobío,2021-02-09,7.23,0.12,<50
O’Higgins,2021-02-09,5.77,0.81,<50
Maule,2021-02-09,6.66,0.04,<50
Metropolitana,2021-02-09,4.67,0.09,<50
Aysén,2021-02-10,9.38,1.79,<50
Antofagasta,2021-02-10,4.23,0.83,<50
Arica y Parinacota,2021-02-10,7.04,1.07,<50
Atacama,2021-02-10,9.07,0.84,<50
Coquimbo,2021-02-10,5.81,0.95,<50
Araucanía,2021-02-10,7.07,0.07,<50
Los Lagos,2021-02-10,7.81,0.06,<50
Los Ríos,2021-02-10,8.62,0.04,<50
Magallanes,2021-02-10,11.19,0.09,<50
Tarapacá,2021-02-10,5.03,0.04,<50
Valparaíso,2021-02-10,7.55,0.07,<50
Ñuble,2021-02-10,9.89,1.49,<50
Biobío,2021-02-10,9.12,0.12,<50
O’Higgins,2021-02-10,7.09,1.02,<50
Maule,2021-02-10,8.11,0.04,<50
Metropolitana,2021-02-10,5.91,0.09,<50
Aysén,2021-02-11,10.63,1.85,<50
Antofagasta,2021-02-11,5.16,0.83,<50
Arica y Parinacota,2021-02-11,8.12,1.1,<50
Atacama,2021-02-11,9.73,1.16,<50
Coquimbo,2021-02-11,6.94,1.01,<50
Araucanía,2021-02-11,8.46,0.07,<50
Los Lagos,2021-02-11,9.16,0.06,<50
Los Ríos,2021-02-11,10.35,0.04,<50
Magallanes,2021-02-11,13.14,0.09,<50
Tarapacá,2021-02-11,6.13,0.04,<50
Valparaíso,2021-02-11,9.13,0.07,<50
Ñuble,2021-02-11,11.91,1.5,<50
Biobío,2021-02-11,10.84,0.13,<50
O’Higgins,2021-02-11,8.21,1.14,<50
Maule,2021-02-11,9.42,0.04,<50
Metropolitana,2021-02-11,7.01,0.09,<50
Aysén,2021-02-12,11.88,1.86,<50
Antofagasta,2021-02-12,6.06,0.84,<50
Arica y Parinacota,2021-02-12,9.25,1.1,<50
Atacama,2021-02-12,10.52,1.18,<50
Coquimbo,2021-02-12,7.98,1.01,<50
Araucanía,2021-02-12,9.83,0.07,<50
Los Lagos,2021-02-12,10.42,0.06,<50
Los Ríos,2021-02-12,11.68,0.04,<50
Magallanes,2021-02-12,14.84,0.09,<50
Tarapacá,2021-02-12,7.21,0.04,<50
Valparaíso,2021-02-12,10.54,0.07,<50
Ñuble,2021-02-12,13.63,1.5,<50
Biobío,2021-02-12,12.15,0.13,<50
O’Higgins,2021-02-12,9.32,1.15,<50
Maule,2021-02-12,10.53,0.04,<50
Metropolitana,2021-02-12,8.07,0.1,<50
Aysén,2021-02-13,11.93,1.86,<50
Antofagasta,2021-02-13,6.17,0.84,<50
Arica y Parinacota,2021-02-13,9.29,1.1,<50
Atacama,2021-02-13,10.67,1.18,<50
Coquimbo,2021-02-13,8.03,1.01,<50
Araucanía,2021-02-13,10.03,0.07,<50
Los Lagos,2021-02-13,10.77,0.06,<50
Los Ríos,2021-02-13,11.88,0.04,<50
Magallanes,2021-02-13,14.85,0.09,<50
Tarapacá,2021-02-13,7.26,0.04,<50
Valparaíso,2021-02-13,10.61,0.07,<50
Ñuble,2021-02-13,13.68,1.5,<50
Biobío,2021-02-13,12.35,0.13,<50
O’Higgins,2021-02-13,9.44,1.15,<50
Maule,2021-02-13,10.66,0.04,<50
Metropolitana,2021-02-13,8.24,0.1,<50
Aysén,2021-02-14,11.94,1.86,<50
Antofagasta,2021-02-14,6.17,0.84,<50
Arica y Parinacota,2021-02-14,9.29,1.1,<50
Atacama,2021-02-14,10.67,1.18,<50
Coquimbo,2021-02-14,8.03,1.01,<50
Araucanía,2021-02-14,10.03,0.07,<50
Los Lagos,2021-02-14,10.79,0.06,<50
Los Ríos,2021-02-14,11.99,0.04,<50
Magallanes,2021-02-14,14.85,0.09,<50
Tarapacá,2021-02-14,7.26,0.04,<50
Valparaíso,2021-02-14,10.61,0.07,<50
Ñuble,2021-02-14,13.73,1.5,<50
Biobío,2021-02-14,12.42,0.13,<50
O’Higgins,2021-02-14,9.44,1.15,<50
Maule,2021-02-14,10.71,0.04,<50
Metropolitana,2021-02-14,8.26,0.1,<50
Aysén,2021-02-15,13.35,1.86,<50
Antofagasta,2021-02-15,7.2,0.84,<50
Arica y Parinacota,2021-02-15,10.33,1.1,<50
Atacama,2021-02-15,11.34,1.18,<50
Coquimbo,2021-02-15,9.35,1.01,<50
Araucanía,2021-02-15,11.64,0.07,<50
Los Lagos,2021-02-15,12.36,0.06,<50
Los Ríos,2021-02-15,13.36,0.04,<50
Magallanes,2021-02-15,16.86,0.09,<50
Tarapacá,2021-02-15,8.59,0.04,<50
Valparaíso,2021-02-15,12.31,0.07,<50
Ñuble,2021-02-15,15.19,1.5,<50
Biobío,2021-02-15,13.7,0.13,<50
O’Higgins,2021-02-15,10.96,1.15,<50
Maule,2021-02-15,11.95,0.04,<50
Metropolitana,2021-02-15,9.52,0.1,<50
Aysén,2021-02-16,14.51,1.86,<50
Antofagasta,2021-02-16,7.97,0.84,<50
Arica y Parinacota,2021-02-16,11.15,1.1,<50
Atacama,2021-02-16,11.93,1.18,<50
Coquimbo,2021-02-16,10.4,1.01,<50
Araucanía,2021-02-16,13.02,0.07,<50
Los Lagos,2021-02-16,13.55,0.06,<50
Los Ríos,2021-02-16,14.3,0.04,<50
Magallanes,2021-02-16,18.18,0.09,<50
Tarapacá,2021-02-16,9.83,0.04,<50
Valparaíso,2021-02-16,13.82,0.07,<50
Ñuble,2021-02-16,16.43,1.5,<50
Biobío,2021-02-16,14.71,0.13,<50
O’Higgins,2021-02-16,12.27,1.15,<50
Maule,2021-02-16,13.08,0.04,<50
Metropolitana,2021-02-16,10.56,0.1,<50
Aysén,2021-02-17,15.67,1.86,<50
Antofagasta,2021-02-17,8.65,0.84,<50
Arica y Parinacota,2021-02-17,11.99,1.1,<50
Atacama,2021-02-17,12.53,1.18,<50
Coquimbo,2021-02-17,11.35,1.01,<50
Araucanía,2021-02-17,14.06,0.07,<50
Los Lagos,2021-02-17,14.41,0.06,<50
Los Ríos,2021-02-17,15.12,0.04,<50
Magallanes,2021-02-17,19.62,0.09,<50
Tarapacá,2021-02-17,10.72,0.04,<50
Valparaíso,2021-02-17,15.05,0.07,<50
Ñuble,2021-02-17,17.58,1.5,<50
Biobío,2021-02-17,15.57,0.13,<50
O’Higgins,2021-02-17,13.4,1.15,<50
Maule,2021-02-17,14.1,0.04,<50
Metropolitana,2021-02-17,11.47,0.1,<50
Aysén,2021-02-18,16.93,1.86,<50
Antofagasta,2021-02-18,9.24,0.84,<50
Arica y Parinacota,2021-02-18,12.83,1.1,<50
Atacama,2021-02-18,13.14,1.18,<50
Coquimbo,2021-02-18,12.16,1.01,<50
Araucanía,2021-02-18,14.95,0.07,<50
Los Lagos,2021-02-18,15.16,0.06,<50
Los Ríos,2021-02-18,15.86,0.04,<50
Magallanes,2021-02-18,20.6,0.09,<50
Tarapacá,2021-02-18,11.28,0.04,<50
Valparaíso,2021-02-18,16.09,0.07,<50
Ñuble,2021-02-18,18.58,1.5,<50
Biobío,2021-02-18,16.22,0.13,<50
O’Higgins,2021-02-18,14.3,1.15,<50
Maule,2021-02-18,14.89,0.04,<50
Metropolitana,2021-02-18,12.21,0.1,<50
Aysén,2021-02-19,18.08,1.86,<50
Antofagasta,2021-02-19,9.81,0.84,<50
Arica y Parinacota,2021-02-19,13.63,1.1,<50
Atacama,2021-02-19,13.49,1.18,<50
Coquimbo,2021-02-19,12.93,1.01,<50
Araucanía,2021-02-19,15.77,0.07,<50
Los Lagos,2021-02-19,15.86,0.06,<50
Los Ríos,2021-02-19,16.54,0.04,<50
Magallanes,2021-02-19,21.55,0.09,<50
Tarapacá,2021-02-19,11.83,0.04,<50
Valparaíso,2021-02-19,17.03,0.07,<50
Ñuble,2021-02-19,19.42,1.5,<50
Biobío,2021-02-19,16.82,0.13,<50
O’Higgins,2021-02-19,15.08,1.15,<50
Maule,2021-02-19,15.68,0.04,<50
Metropolitana,2021-02-19,12.89,0.1,<50
Aysén,2021-02-20,18.16,1.86,<50
Antofagasta,2021-02-20,9.83,0.84,<50
Arica y Parinacota,2021-02-20,13.66,1.1,<50
Atacama,2021-02-20,13.5,1.18,<50
Coquimbo,2021-02-20,12.93,1.01,<50
Araucanía,2021-02-20,15.8,0.07,<50
Los Lagos,2021-02-20,15.91,0.06,<50
Los Ríos,2021-02-20,16.56,0.04,<50
Magallanes,2021-02-20,21.67,0.09,<50
Tarapacá,2021-02-20,11.86,0.04,<50
Valparaíso,2021-02-20,17.06,0.07,<50
Ñuble,2021-02-20,19.46,1.5,<50
Biobío,2021-02-20,16.89,0.13,<50
O’Higgins,2021-02-20,15.12,1.15,<50
Maule,2021-02-20,15.71,0.04,<50
Metropolitana,2021-02-20,12.96,0.1,<50
Aysén,2021-02-21,18.16,1.86,<50
Antofagasta,2021-02-21,9.83,0.84,<50
Arica y Parinacota,2021-02-21,13.66,1.1,<50
Atacama,2021-02-21,13.5,1.18,<50
Coquimbo,2021-02-21,12.93,1.01,<50
Araucanía,2021-02-21,15.8,0.07,<50
Los Lagos,2021-02-21,15.91,0.06,<50
Los Ríos,2021-02-21,16.57,0.04,<50
Magallanes,2021-02-21,21.67,0.09,<50
Tarapacá,2021-02-21,11.86,0.04,<50
Valparaíso,2021-02-21,17.07,0.07,<50
Ñuble,2021-02-21,19.46,1.5,<50
Biobío,2021-02-21,16.91,0.13,<50
O’Higgins,2021-02-21,15.12,1.15,<50
Maule,2021-02-21,15.72,0.04,<50
Metropolitana,2021-02-21,12.96,0.1,<50
Aysén,2021-02-22,18.9,1.86,<50
Antofagasta,2021-02-22,10.39,0.84,<50
Arica y Parinacota,2021-02-22,14.44,1.1,<50
Atacama,2021-02-22,14.11,1.18,<50
Coquimbo,2021-02-22,13.66,1.02,<50
Araucanía,2021-02-22,16.54,0.07,<50
Los Lagos,2021-02-22,16.53,0.06,<50
Los Ríos,2021-02-22,17.31,0.04,<50
Magallanes,2021-02-22,22.14,0.09,<50
Tarapacá,2021-02-22,12.26,0.04,<50
Valparaíso,2021-02-22,17.64,0.07,<50
Ñuble,2021-02-22,20.25,1.5,<50
Biobío,2021-02-22,17.42,0.13,<50
O’Higgins,2021-02-22,15.75,1.15,<50
Maule,2021-02-22,16.35,0.04,<50
Metropolitana,2021-02-22,13.41,0.1,<50
Aysén,2021-02-23,19.62,1.86,<50
Antofagasta,2021-02-23,10.9,0.84,<50
Arica y Parinacota,2021-02-23,15.18,1.1,<50
Atacama,2021-02-23,14.88,1.18,<50
Coquimbo,2021-02-23,14.28,1.02,<50
Araucanía,2021-02-23,17.21,0.07,<50
Los Lagos,2021-02-23,17.12,0.06,<50
Los Ríos,2021-02-23,17.91,0.04,<50
Magallanes,2021-02-23,22.54,0.09,<50
Tarapacá,2021-02-23,12.7,0.04,<50
Valparaíso,2021-02-23,18.11,0.07,<50
Ñuble,2021-02-23,20.99,1.5,<50
Biobío,2021-02-23,17.88,0.13,<50
O’Higgins,2021-02-23,16.3,1.15,<50
Maule,2021-02-23,16.91,0.04,<50
Metropolitana,2021-02-23,13.79,0.1,<50
Aysén,2021-02-24,20.27,1.86,<50
Antofagasta,2021-02-24,11.35,0.85,<50
Arica y Parinacota,2021-02-24,15.7,1.11,<50
Atacama,2021-02-24,15.62,1.18,<50
Coquimbo,2021-02-24,14.83,1.02,<50
Araucanía,2021-02-24,17.77,0.07,<50
Los Lagos,2021-02-24,17.68,0.06,<50
Los Ríos,2021-02-24,18.43,0.04,<50
Magallanes,2021-02-24,23.05,0.09,<50
Tarapacá,2021-02-24,13.31,0.04,<50
Valparaíso,2021-02-24,18.5,0.07,<50
Ñuble,2021-02-24,21.63,1.5,<50
Biobío,2021-02-24,18.35,0.13,<50
O’Higgins,2021-02-24,16.79,1.15,<50
Maule,2021-02-24,17.42,0.04,<50
Metropolitana,2021-02-24,14.13,0.1,<50
Aysén,2021-02-25,20.9,1.87,<50
Antofagasta,2021-02-25,11.69,0.86,<50
Arica y Parinacota,2021-02-25,16.15,1.11,<50
Atacama,2021-02-25,16.34,1.18,<50
Coquimbo,2021-02-25,15.4,1.02,<50
Araucanía,2021-02-25,18.25,0.07,<50
Los Lagos,2021-02-25,18.23,0.06,<50
Los Ríos,2021-02-25,18.91,0.04,<50
Magallanes,2021-02-25,23.6,0.09,<50
Tarapacá,2021-02-25,13.86,0.04,<50
Valparaíso,2021-02-25,18.94,0.07,<50
Ñuble,2021-02-25,22.27,1.5,<50
Biobío,2021-02-25,18.9,0.13,<50
O’Higgins,2021-02-25,17.28,1.15,<50
Maule,2021-02-25,17.93,0.04,<50
Metropolitana,2021-02-25,14.46,0.1,<50
Aysén,2021-02-26,21.25,1.88,<50
Antofagasta,2021-02-26,12.05,0.86,<50
Arica y Parinacota,2021-02-26,16.95,1.12,<50
Atacama,2021-02-26,16.82,1.19,<50
Coquimbo,2021-02-26,15.87,1.02,<50
Araucanía,2021-02-26,18.75,0.07,<50
Los Lagos,2021-02-26,18.86,0.06,<50
Los Ríos,2021-02-26,19.29,0.04,<50
Magallanes,2021-02-26,24.07,0.09,<50
Tarapacá,2021-02-26,14.24,0.04,<50
Valparaíso,2021-02-26,19.42,0.07,<50
Ñuble,2021-02-26,22.79,1.5,<50
Biobío,2021-02-26,19.31,0.13,<50
O’Higgins,2021-02-26,17.66,1.15,<50
Maule,2021-02-26,18.49,0.04,<50
Metropolitana,2021-02-26,14.75,0.1,<50
Aysén,2021-02-27,21.26,1.88,<50
Antofagasta,2021-02-27,12.05,0.86,<50
Arica y Parinacota,2021-02-27,17.03,1.12,<50
Atacama,2021-02-27,16.85,1.19,<50
Coquimbo,2021-02-27,15.88,1.02,<50
Araucanía,2021-02-27,18.81,0.07,<50
Los Lagos,2021-02-27,18.9,0.06,<50
Los Ríos,2021-02-27,19.29,0.04,<50
Magallanes,2021-02-27,24.12,0.09,<50
Tarapacá,2021-02-27,14.26,0.04,<50
Valparaíso,2021-02-27,19.61,0.07,<50
Ñuble,2021-02-27,22.8,1.5,<50
Biobío,2021-02-27,19.33,0.13,<50
O’Higgins,2021-02-27,17.69,1.15,<50
Maule,2021-02-27,18.52,0.04,<50
Metropolitana,2021-02-27,14.8,0.1,<50
Aysén,2021-02-28,21.26,1.88,<50
Antofagasta,2021-02-28,12.05,0.86,<50
Arica y Parinacota,2021-02-28,17.03,1.12,<50
Atacama,2021-02-28,16.85,1.19,<50
Coquimbo,2021-02-28,15.88,1.02,<50
Araucanía,2021-02-28,18.81,0.07,<50
Los Lagos,2021-02-28,18.9,0.06,<50
Los Ríos,2021-02-28,19.29,0.04,<50
Magallanes,2021-02-28,24.12,0.09,<50
Tarapacá,2021-02-28,14.26,0.04,<50
Valparaíso,2021-02-28,19.61,0.07,<50
Ñuble,2021-02-28,22.81,1.5,<50
Biobío,2021-02-28,19.34,0.13,<50
O’Higgins,2021-02-28,17.69,1.15,<50
Maule,2021-02-28,18.52,0.04,<50
Metropolitana,2021-02-28,14.8,0.1,<50
Aysén,2021-03-01,21.85,1.88,<50
Antofagasta,2021-03-01,12.64,0.86,<50
Arica y Parinacota,2021-03-01,17.61,1.12,<50
Atacama,2021-03-01,17.28,1.19,<50
Coquimbo,2021-03-01,16.76,1.02,<50
Araucanía,2021-03-01,19.55,0.07,<50
Los Lagos,2021-03-01,19.57,0.09,<50
Los Ríos,2021-03-01,19.78,0.04,<50
Magallanes,2021-03-01,25.32,0.09,<50
Tarapacá,2021-03-01,14.75,0.04,<50
Valparaíso,2021-03-01,20.28,0.07,<50
Ñuble,2021-03-01,23.49,1.5,<50
Biobío,2021-03-01,20.02,0.13,<50
O’Higgins,2021-03-01,18.64,1.15,<50
Maule,2021-03-01,19.18,0.05,<50
Metropolitana,2021-03-01,15.49,0.1,<50
Aysén,2021-03-02,22.61,2.1,<50
Antofagasta,2021-03-02,13.32,0.93,<50
Arica y Parinacota,2021-03-02,18.08,1.14,<50
Atacama,2021-03-02,17.66,1.41,<50
Coquimbo,2021-03-02,17.71,1.03,<50
Araucanía,2021-03-02,20.55,0.1,<50
Los Lagos,2021-03-02,20.31,0.17,<50
Los Ríos,2021-03-02,20.72,0.15,<50
Magallanes,2021-03-02,26.65,0.12,<50
Tarapacá,2021-03-02,15.24,0.07,<50
Valparaíso,2021-03-02,21.2,0.15,<50
Ñuble,2021-03-02,24.27,1.53,<50
Biobío,2021-03-02,20.82,0.29,<50
O’Higgins,2021-03-02,19.63,1.18,<50
Maule,2021-03-02,20.01,0.13,<50
Metropolitana,2021-03-02,16.26,0.14,<50
Aysén,2021-03-03,23.47,3.15,<50
Antofagasta,2021-03-03,13.99,1.35,<50
Arica y Parinacota,2021-03-03,18.48,1.63,<50
Atacama,2021-03-03,17.96,2.99,<50
Coquimbo,2021-03-03,18.6,1.46,<50
Araucanía,2021-03-03,21.38,1.19,<50
Los Lagos,2021-03-03,21.04,1.08,<50
Los Ríos,2021-03-03,21.75,1.19,<50
Magallanes,2021-03-03,27.87,1.84,<50
Tarapacá,2021-03-03,15.67,0.57,<50
Valparaíso,2021-03-03,22.24,0.92,<50
Ñuble,2021-03-03,24.96,2.57,<50
Biobío,2021-03-03,21.61,1.5,<50
O’Higgins,2021-03-03,20.56,1.86,<50
Maule,2021-03-03,20.79,1.15,<50
Metropolitana,2021-03-03,17.03,0.78,<50
Aysén,2021-03-04,24.14,4.42,<50
Antofagasta,2021-03-04,14.61,1.81,<50
Arica y Parinacota,2021-03-04,18.81,2.74,<50
Atacama,2021-03-04,18.33,4.63,<50
Coquimbo,2021-03-04,19.35,2.0,<50
Araucanía,2021-03-04,22.12,2.05,<50
Los Lagos,2021-03-04,21.67,1.97,<50
Los Ríos,2021-03-04,22.6,2.29,<50
Magallanes,2021-03-04,28.85,3.47,<50
Tarapacá,2021-03-04,16.13,1.06,<50
Valparaíso,2021-03-04,23.2,1.79,<50
Ñuble,2021-03-04,25.52,3.81,<50
Biobío,2021-03-04,22.34,2.57,<50
O’Higgins,2021-03-04,21.36,2.76,<50
Maule,2021-03-04,21.45,2.18,<50
Metropolitana,2021-03-04,17.78,1.5,<50
Aysén,2021-03-05,24.83,5.41,<50
Antofagasta,2021-03-05,15.15,2.19,<50
Arica y Parinacota,2021-03-05,19.2,3.61,<50
Atacama,2021-03-05,18.96,6.05,<50
Coquimbo,2021-03-05,20.01,2.54,<50
Araucanía,2021-03-05,22.81,2.81,<50
Los Lagos,2021-03-05,22.26,2.85,<50
Los Ríos,2021-03-05,23.3,3.36,<50
Magallanes,2021-03-05,29.7,4.71,<50
Tarapacá,2021-03-05,16.64,1.64,<50
Valparaíso,2021-03-05,24.1,2.72,<50
Ñuble,2021-03-05,25.98,4.94,<50
Biobío,2021-03-05,22.98,3.5,<50
O’Higgins,2021-03-05,22.16,3.64,<50
Maule,2021-03-05,22.03,3.29,<50
Metropolitana,2021-03-05,18.49,2.24,<50
Aysén,2021-03-06,24.84,5.43,<50
Antofagasta,2021-03-06,15.15,2.2,<50
Arica y Parinacota,2021-03-06,19.22,3.72,<50
Atacama,2021-03-06,19.06,6.18,<50
Coquimbo,2021-03-06,20.01,2.54,<50
Araucanía,2021-03-06,22.85,2.93,<50
Los Lagos,2021-03-06,22.34,3.17,<50
Los Ríos,2021-03-06,23.34,3.49,<50
Magallanes,2021-03-06,29.71,4.74,<50
Tarapacá,2021-03-06,16.66,1.77,<50
Valparaíso,2021-03-06,24.11,2.78,<50
Ñuble,2021-03-06,26.0,4.97,<50
Biobío,2021-03-06,23.02,3.74,<50
O’Higgins,2021-03-06,22.19,3.73,<50
Maule,2021-03-06,22.09,3.62,<50
Metropolitana,2021-03-06,18.56,2.34,<50
Aysén,2021-03-07,24.84,5.43,<50
Antofagasta,2021-03-07,15.15,2.2,<50
Arica y Parinacota,2021-03-07,19.23,3.73,<50
Atacama,2021-03-07,19.06,6.18,<50
Coquimbo,2021-03-07,20.01,2.54,<50
Araucanía,2021-03-07,22.85,2.93,<50
Los Lagos,2021-03-07,22.36,3.21,<50
Los Ríos,2021-03-07,23.35,3.58,<50
Magallanes,2021-03-07,29.71,4.74,<50
Tarapacá,2021-03-07,16.66,1.77,<50
Valparaíso,2021-03-07,24.11,2.78,<50
Ñuble,2021-03-07,26.0,4.99,<50
Biobío,2021-03-07,23.03,3.87,<50
O’Higgins,2021-03-07,22.19,3.73,<50
Maule,2021-03-07,22.11,3.83,<50
Metropolitana,2021-03-07,18.57,2.36,<50
Aysén,2021-03-08,25.34,6.54,<50
Antofagasta,2021-03-08,15.76,2.71,<50
Arica y Parinacota,2021-03-08,19.67,4.63,<50
Atacama,2021-03-08,19.68,7.28,<50
Coquimbo,2021-03-08,20.72,3.42,<50
Araucanía,2021-03-08,23.63,3.99,<50
Los Lagos,2021-03-08,23.02,4.56,<50
Los Ríos,2021-03-08,24.2,4.85,<50
Magallanes,2021-03-08,30.41,6.47,<50
Tarapacá,2021-03-08,17.14,2.6,<50
Valparaíso,2021-03-08,24.93,4.14,<50
Ñuble,2021-03-08,26.9,6.4,<50
Biobío,2021-03-08,23.74,5.21,<50
O’Higgins,2021-03-08,23.01,4.72,<50
Maule,2021-03-08,22.84,5.09,<50
Metropolitana,2021-03-08,19.21,3.34,<50
Aysén,2021-03-09,25.89,7.62,<50
Antofagasta,2021-03-09,16.49,3.32,<50
Arica y Parinacota,2021-03-09,20.07,5.61,<50
Atacama,2021-03-09,20.3,8.05,<50
Coquimbo,2021-03-09,21.46,4.43,<50
Araucanía,2021-03-09,24.4,5.32,<50
Los Lagos,2021-03-09,23.74,5.93,<50
Los Ríos,2021-03-09,25.12,6.5,<50
Magallanes,2021-03-09,31.13,8.2,<50
Tarapacá,2021-03-09,17.58,3.59,<50
Valparaíso,2021-03-09,25.7,5.63,<50
Ñuble,2021-03-09,27.88,7.87,<50
Biobío,2021-03-09,24.52,6.86,<50
O’Higgins,2021-03-09,23.81,5.64,<50
Maule,2021-03-09,23.62,6.37,<50
Metropolitana,2021-03-09,19.85,4.44,<50
Aysén,2021-03-10,26.38,9.07,<50
Antofagasta,2021-03-10,17.15,4.1,<50
Arica y Parinacota,2021-03-10,20.55,6.72,<50
Atacama,2021-03-10,20.88,8.76,<50
Coquimbo,2021-03-10,22.13,5.61,<50
Araucanía,2021-03-10,25.18,6.73,<50
Los Lagos,2021-03-10,24.42,7.33,<50
Los Ríos,2021-03-10,25.93,8.2,<50
Magallanes,2021-03-10,31.81,10.67,<50
Tarapacá,2021-03-10,17.99,4.75,<50
Valparaíso,2021-03-10,26.5,7.26,<50
Ñuble,2021-03-10,28.86,9.61,<50
Biobío,2021-03-10,25.28,8.68,<50
O’Higgins,2021-03-10,24.58,6.93,<50
Maule,2021-03-10,24.46,7.77,<50
Metropolitana,2021-03-10,20.47,5.65,<50
Aysén,2021-03-11,27.02,10.28,<50
Antofagasta,2021-03-11,17.96,5.0,<50
Arica y Parinacota,2021-03-11,21.19,7.79,<50
Atacama,2021-03-11,21.53,9.42,<50
Coquimbo,2021-03-11,22.9,6.7,<50
Araucanía,2021-03-11,26.16,8.08,<50
Los Lagos,2021-03-11,25.21,8.68,<50
Los Ríos,2021-03-11,26.96,9.91,<50
Magallanes,2021-03-11,32.74,12.63,<50
Tarapacá,2021-03-11,18.53,5.79,<50
Valparaíso,2021-03-11,27.58,8.8,<50
Ñuble,2021-03-11,30.03,11.54,<50
Biobío,2021-03-11,26.32,10.36,<50
O’Higgins,2021-03-11,25.57,8.03,<50
Maule,2021-03-11,25.42,9.07,<50
Metropolitana,2021-03-11,21.24,6.73,<50
Aysén,2021-03-12,27.56,11.45,<50
Antofagasta,2021-03-12,18.7,5.86,<50
Arica y Parinacota,2021-03-12,21.72,8.91,<50
Atacama,2021-03-12,22.17,10.19,<50
Coquimbo,2021-03-12,23.57,7.71,<50
Araucanía,2021-03-12,27.06,9.44,<50
Los Lagos,2021-03-12,25.96,9.89,<50
Los Ríos,2021-03-12,27.72,11.19,<50
Magallanes,2021-03-12,33.43,14.31,<50
Tarapacá,2021-03-12,19.08,6.85,<50
Valparaíso,2021-03-12,28.48,10.18,<50
Ñuble,2021-03-12,31.02,13.18,<50
Biobío,2021-03-12,27.22,11.67,<50
O’Higgins,2021-03-12,26.46,9.11,<50
Maule,2021-03-12,26.29,10.18,<50
Metropolitana,2021-03-12,21.93,7.74,<50
Aysén,2021-03-13,27.58,11.48,<50
Antofagasta,2021-03-13,18.72,5.94,<50
Arica y Parinacota,2021-03-13,21.75,8.94,<50
Atacama,2021-03-13,22.2,10.31,<50
Coquimbo,2021-03-13,23.59,7.76,<50
Araucanía,2021-03-13,27.13,9.62,<50
Los Lagos,2021-03-13,26.12,10.23,<50
Los Ríos,2021-03-13,27.76,11.38,<50
Magallanes,2021-03-13,33.44,14.32,<50
Tarapacá,2021-03-13,19.13,6.9,<50
Valparaíso,2021-03-13,28.54,10.23,<50
Ñuble,2021-03-13,31.06,13.25,<50
Biobío,2021-03-13,27.41,11.86,<50
O’Higgins,2021-03-13,26.52,9.22,<50
Maule,2021-03-13,26.42,10.3,<50
Metropolitana,2021-03-13,22.11,7.89,<50
Aysén,2021-03-14,27.58,11.49,<50
Antofagasta,2021-03-14,18.72,5.94,<50
Arica y Parinacota,2021-03-14,21.75,8.94,<50
Atacama,2021-03-14,22.2,10.31,<50
Coquimbo,2021-03-14,23.59,7.76,<50
Araucanía,2021-03-14,27.13,9.63,<50
Los Lagos,2021-03-14,26.12,10.23,<50
Los Ríos,2021-03-14,27.79,11.5,<50
Magallanes,2021-03-14,33.46,14.32,<50
Tarapacá,2021-03-14,19.13,6.9,<50
Valparaíso,2021-03-14,28.54,10.23,<50
Ñuble,2021-03-14,31.1,13.3,<50
Biobío,2021-03-14,27.47,11.93,<50
O’Higgins,2021-03-14,26.52,9.22,<50
Maule,2021-03-14,26.47,10.36,<50
Metropolitana,2021-03-14,22.12,7.9,<50
Aysén,2021-03-15,28.27,12.95,<50
Antofagasta,2021-03-15,19.44,7.07,<50
Arica y Parinacota,2021-03-15,22.25,10.1,<50
Atacama,2021-03-15,22.94,11.09,<50
Coquimbo,2021-03-15,24.35,9.18,<50
Araucanía,2021-03-15,28.01,11.27,<50
Los Lagos,2021-03-15,26.92,11.82,<50
Los Ríos,2021-03-15,28.68,12.94,<50
Magallanes,2021-03-15,34.27,16.32,<50
Tarapacá,2021-03-15,19.72,8.19,<50
Valparaíso,2021-03-15,29.37,11.89,<50
Ñuble,2021-03-15,32.25,14.84,<50
Biobío,2021-03-15,28.37,13.31,<50
O’Higgins,2021-03-15,27.48,10.77,<50
Maule,2021-03-15,27.43,11.62,<50
Metropolitana,2021-03-15,22.85,9.19,<50
Aysén,2021-03-16,29.07,14.32,<50
Antofagasta,2021-03-16,20.22,8.04,<50
Arica y Parinacota,2021-03-16,22.9,11.21,<50
Atacama,2021-03-16,23.67,11.97,<50
Coquimbo,2021-03-16,25.13,10.38,<50
Araucanía,2021-03-16,28.93,12.77,<50
Los Lagos,2021-03-16,27.83,13.27,<50
Los Ríos,2021-03-16,29.63,14.18,<50
Magallanes,2021-03-16,35.27,17.82,<50
Tarapacá,2021-03-16,20.36,9.57,<50
Valparaíso,2021-03-16,30.3,13.53,<50
Ñuble,2021-03-16,33.37,16.22,<50
Biobío,2021-03-16,29.33,14.5,<50
O’Higgins,2021-03-16,28.41,12.14,<50
Maule,2021-03-16,28.35,12.85,<50
Metropolitana,2021-03-16,23.62,10.29,<50
Aysén,2021-03-17,29.81,15.64,<50
Antofagasta,2021-03-17,21.07,8.89,<50
Arica y Parinacota,2021-03-17,23.5,12.27,<50
Atacama,2021-03-17,24.37,12.88,<50
Coquimbo,2021-03-17,25.81,11.51,<50
Araucanía,2021-03-17,29.75,13.93,<50
Los Lagos,2021-03-17,28.58,14.35,<50
Los Ríos,2021-03-17,30.39,15.21,<50
Magallanes,2021-03-17,35.98,19.54,<50
Tarapacá,2021-03-17,20.96,10.82,<50
Valparaíso,2021-03-17,31.16,14.91,<50
Ñuble,2021-03-17,34.29,17.51,<50
Biobío,2021-03-17,30.21,15.55,<50
O’Higgins,2021-03-17,29.24,13.37,<50
Maule,2021-03-17,29.14,14.01,<50
Metropolitana,2021-03-17,24.34,11.29,<50
Aysén,2021-03-18,30.54,17.12,<50
Antofagasta,2021-03-18,21.81,9.58,<50
Arica y Parinacota,2021-03-18,24.35,13.24,<50
Atacama,2021-03-18,25.05,13.46,<50
Coquimbo,2021-03-18,26.47,12.58,<50
Araucanía,2021-03-18,30.51,14.92,<50
Los Lagos,2021-03-18,29.33,15.32,<50
Los Ríos,2021-03-18,31.0,16.11,<50
Magallanes,2021-03-18,36.77,20.81,<50
Tarapacá,2021-03-18,21.57,11.75,<50
Valparaíso,2021-03-18,32.09,16.18,<50
Ñuble,2021-03-18,35.12,18.68,<50
Biobío,2021-03-18,31.02,16.45,<50
O’Higgins,2021-03-18,29.97,14.37,<50
Maule,2021-03-18,29.91,14.97,<50
Metropolitana,2021-03-18,25.06,12.15,<50
Aysén,2021-03-19,31.05,18.33,<50
Antofagasta,2021-03-19,22.52,10.24,<50
Arica y Parinacota,2021-03-19,24.77,14.08,<50
Atacama,2021-03-19,25.59,13.85,<50
Coquimbo,2021-03-19,27.1,13.45,<50
Araucanía,2021-03-19,31.26,15.86,<50
Los Lagos,2021-03-19,29.91,16.06,<50
Los Ríos,2021-03-19,31.65,16.88,<50
Magallanes,2021-03-19,37.54,21.84,<50
Tarapacá,2021-03-19,22.21,12.44,<50
Valparaíso,2021-03-19,32.92,17.15,<50
Ñuble,2021-03-19,35.9,19.58,<50
Biobío,2021-03-19,31.78,17.06,<50
O’Higgins,2021-03-19,30.68,15.22,<50
Maule,2021-03-19,30.62,15.96,<50
Metropolitana,2021-03-19,25.72,12.88,<50
Aysén,2021-03-20,31.07,18.39,<50
Antofagasta,2021-03-20,22.57,10.26,<50
Arica y Parinacota,2021-03-20,24.8,14.1,<50
Atacama,2021-03-20,25.59,13.86,<50
Coquimbo,2021-03-20,27.11,13.46,<50
Araucanía,2021-03-20,31.3,15.88,<50
Los Lagos,2021-03-20,30.01,16.11,<50
Los Ríos,2021-03-20,31.68,16.91,<50
Magallanes,2021-03-20,37.55,21.85,<50
Tarapacá,2021-03-20,22.27,12.48,<50
Valparaíso,2021-03-20,32.97,17.18,<50
Ñuble,2021-03-20,35.94,19.59,<50
Biobío,2021-03-20,31.94,17.13,<50
O’Higgins,2021-03-20,30.71,15.25,<50
Maule,2021-03-20,30.68,15.99,<50
Metropolitana,2021-03-20,25.91,12.97,<50
Aysén,2021-03-21,31.07,18.39,<50
Antofagasta,2021-03-21,22.57,10.26,<50
Arica y Parinacota,2021-03-21,24.8,14.1,<50
Atacama,2021-03-21,25.6,13.86,<50
Coquimbo,2021-03-21,27.11,13.46,<50
Araucanía,2021-03-21,31.3,15.88,<50
Los Lagos,2021-03-21,30.02,16.11,<50
Los Ríos,2021-03-21,31.73,16.93,<50
Magallanes,2021-03-21,37.55,21.85,<50
Tarapacá,2021-03-21,22.27,12.48,<50
Valparaíso,2021-03-21,32.98,17.19,<50
Ñuble,2021-03-21,35.98,19.59,<50
Biobío,2021-03-21,32.01,17.16,<50
O’Higgins,2021-03-21,30.71,15.25,<50
Maule,2021-03-21,30.7,16.0,<50
Metropolitana,2021-03-21,25.92,12.97,<50
Aysén,2021-03-22,31.6,19.22,<50
Antofagasta,2021-03-22,23.41,10.77,<50
Arica y Parinacota,2021-03-22,25.26,14.93,<50
Atacama,2021-03-22,26.37,14.39,<50
Coquimbo,2021-03-22,27.8,14.31,<50
Araucanía,2021-03-22,31.99,16.63,<50
Los Lagos,2021-03-22,30.66,16.94,<50
Los Ríos,2021-03-22,32.52,17.71,<50
Magallanes,2021-03-22,38.45,22.35,<50
Tarapacá,2021-03-22,22.86,12.96,<50
Valparaíso,2021-03-22,33.74,17.93,<50
Ñuble,2021-03-22,36.71,20.49,<50
Biobío,2021-03-22,32.71,17.81,<50
O’Higgins,2021-03-22,31.46,15.98,<50
Maule,2021-03-22,31.48,16.71,<50
Metropolitana,2021-03-22,26.66,13.45,<50
Aysén,2021-03-23,32.25,20.07,<50
Antofagasta,2021-03-23,24.28,11.13,<50
Arica y Parinacota,2021-03-23,25.77,15.75,<50
Atacama,2021-03-23,27.18,14.93,<50
Coquimbo,2021-03-23,28.48,14.8,<50
Araucanía,2021-03-23,32.68,17.19,<50
Los Lagos,2021-03-23,31.42,17.57,<50
Los Ríos,2021-03-23,33.28,18.19,<50
Magallanes,2021-03-23,39.23,22.82,<50
Tarapacá,2021-03-23,23.47,13.23,<50
Valparaíso,2021-03-23,34.45,18.53,<50
Ñuble,2021-03-23,37.5,21.18,<50
Biobío,2021-03-23,33.45,18.32,<50
O’Higgins,2021-03-23,32.22,16.48,<50
Maule,2021-03-23,32.28,17.21,<50
Metropolitana,2021-03-23,27.42,13.81,<50
Aysén,2021-03-24,32.75,20.5,<50
Antofagasta,2021-03-24,25.08,11.42,<50
Arica y Parinacota,2021-03-24,26.32,16.23,<50
Atacama,2021-03-24,27.96,15.36,<50
Coquimbo,2021-03-24,29.2,15.17,<50
Araucanía,2021-03-24,33.39,17.69,<50
Los Lagos,2021-03-24,32.26,18.01,<50
Los Ríos,2021-03-24,34.06,18.53,<50
Magallanes,2021-03-24,40.09,23.06,<50
Tarapacá,2021-03-24,24.15,13.48,<50
Valparaíso,2021-03-24,35.24,18.87,<50
Ñuble,2021-03-24,38.29,21.71,<50
Biobío,2021-03-24,34.21,18.65,<50
O’Higgins,2021-03-24,33.01,16.9,<50
Maule,2021-03-24,33.06,17.59,<50
Metropolitana,2021-03-24,28.21,14.07,<50
Aysén,2021-03-25,33.28,20.88,<50
Antofagasta,2021-03-25,25.82,11.67,<50
Arica y Parinacota,2021-03-25,26.91,16.54,<50
Atacama,2021-03-25,28.67,15.96,<50
Coquimbo,2021-03-25,29.94,15.46,<50
Araucanía,2021-03-25,34.08,18.06,<50
Los Lagos,2021-03-25,33.08,18.35,<50
Los Ríos,2021-03-25,35.02,18.84,<50
Magallanes,2021-03-25,40.84,23.41,<50
Tarapacá,2021-03-25,24.72,13.68,<50
Valparaíso,2021-03-25,36.03,19.15,<50
Ñuble,2021-03-25,39.07,22.16,<50
Biobío,2021-03-25,34.93,18.92,<50
O’Higgins,2021-03-25,33.77,17.26,<50
Maule,2021-03-25,33.8,17.91,<50
Metropolitana,2021-03-25,29.07,14.29,<50
Aysén,2021-03-26,33.79,21.18,<50
Antofagasta,2021-03-26,26.56,11.9,<50
Arica y Parinacota,2021-03-26,27.51,16.84,<50
Atacama,2021-03-26,29.44,16.38,<50
Coquimbo,2021-03-26,30.73,15.75,<50
Araucanía,2021-03-26,34.78,18.41,<50
Los Lagos,2021-03-26,33.84,18.63,<50
Los Ríos,2021-03-26,36.0,19.08,<50
Magallanes,2021-03-26,41.91,23.71,<50
Tarapacá,2021-03-26,25.41,13.9,<50
Valparaíso,2021-03-26,36.86,19.38,<50
Ñuble,2021-03-26,39.85,22.51,<50
Biobío,2021-03-26,35.78,19.17,<50
O’Higgins,2021-03-26,34.63,17.5,<50
Maule,2021-03-26,34.57,18.25,<50
Metropolitana,2021-03-26,29.97,14.53,<50
Aysén,2021-03-27,33.79,21.18,<50
Antofagasta,2021-03-27,26.62,11.9,<50
Arica y Parinacota,2021-03-27,27.55,16.84,<50
Atacama,2021-03-27,29.44,16.38,<50
Coquimbo,2021-03-27,30.78,15.76,<50
Araucanía,2021-03-27,34.81,18.42,<50
Los Lagos,2021-03-27,33.9,18.63,<50
Los Ríos,2021-03-27,36.04,19.09,<50
Magallanes,2021-03-27,41.92,23.72,<50
Tarapacá,2021-03-27,25.43,13.92,<50
Valparaíso,2021-03-27,36.88,19.39,<50
Ñuble,2021-03-27,39.86,22.53,<50
Biobío,2021-03-27,35.82,19.18,<50
O’Higgins,2021-03-27,34.65,17.52,<50
Maule,2021-03-27,34.59,18.25,<50
Metropolitana,2021-03-27,30.09,14.55,<50
Aysén,2021-03-28,33.79,21.18,<50
Antofagasta,2021-03-28,26.64,11.9,<50
Arica y Parinacota,2021-03-28,27.55,16.84,<50
Atacama,2021-03-28,29.44,16.38,<50
Coquimbo,2021-03-28,30.78,15.76,<50
Araucanía,2021-03-28,34.81,18.42,<50
Los Lagos,2021-03-28,33.9,18.63,<50
Los Ríos,2021-03-28,36.04,19.09,<50
Magallanes,2021-03-28,41.92,23.72,<50
Tarapacá,2021-03-28,25.43,13.92,<50
Valparaíso,2021-03-28,36.88,19.39,<50
Ñuble,2021-03-28,39.87,22.53,<50
Biobío,2021-03-28,35.82,19.19,<50
O’Higgins,2021-03-28,34.65,17.52,<50
Maule,2021-03-28,34.59,18.25,<50
Metropolitana,2021-03-28,30.1,14.55,<50
Aysén,2021-03-29,34.35,21.68,<50
Antofagasta,2021-03-29,27.43,12.41,<50
Arica y Parinacota,2021-03-29,28.09,17.19,<50
Atacama,2021-03-29,30.13,16.72,<50
Coquimbo,2021-03-29,31.47,16.42,<50
Araucanía,2021-03-29,35.51,19.09,<50
Los Lagos,2021-03-29,34.54,19.14,<50
Los Ríos,2021-03-29,36.83,19.43,<50
Magallanes,2021-03-29,42.67,24.6,<50
Tarapacá,2021-03-29,26.06,14.32,<50
Valparaíso,2021-03-29,37.73,20.01,<50
Ñuble,2021-03-29,40.61,23.13,<50
Biobío,2021-03-29,36.58,19.67,<50
O’Higgins,2021-03-29,35.54,18.38,<50
Maule,2021-03-29,35.4,18.82,<50
Metropolitana,2021-03-29,30.87,15.15,<50
Aysén,2021-03-30,34.93,22.23,<50
Antofagasta,2021-03-30,28.15,13.03,<50
Arica y Parinacota,2021-03-30,28.63,17.59,<50
Atacama,2021-03-30,30.78,17.12,<50
Coquimbo,2021-03-30,32.12,17.25,<50
Araucanía,2021-03-30,36.1,20.0,<50
Los Lagos,2021-03-30,35.2,19.76,<50
Los Ríos,2021-03-30,37.43,20.22,<50
Magallanes,2021-03-30,43.37,26.04,<50
Tarapacá,2021-03-30,26.61,14.76,<50
Valparaíso,2021-03-30,38.43,20.81,<50
Ñuble,2021-03-30,41.26,23.82,<50
Biobío,2021-03-30,37.22,20.32,<50
O’Higgins,2021-03-30,36.4,19.34,<50
Maule,2021-03-30,36.08,19.55,<50
Metropolitana,2021-03-30,31.56,15.87,<50
Aysén,2021-03-31,35.44,22.99,<50
Antofagasta,2021-03-31,28.85,13.66,<50
Arica y Parinacota,2021-03-31,29.1,17.92,<50
Atacama,2021-03-31,31.33,17.58,<50
Coquimbo,2021-03-31,32.72,18.09,<50
Araucanía,2021-03-31,36.63,20.78,<50
Los Lagos,2021-03-31,35.9,20.48,<50
Los Ríos,2021-03-31,38.01,21.14,<50
Magallanes,2021-03-31,44.07,27.23,<50
Tarapacá,2021-03-31,27.11,15.18,<50
Valparaíso,2021-03-31,39.08,21.83,<50
Ñuble,2021-03-31,41.86,24.47,<50
Biobío,2021-03-31,37.88,21.04,<50
O’Higgins,2021-03-31,37.22,20.3,<50
Maule,2021-03-31,36.7,20.27,<50
Metropolitana,2021-03-31,32.21,16.64,<50
Aysén,2021-04-01,35.99,23.71,<50
Antofagasta,2021-04-01,29.52,14.37,<50
Arica y Parinacota,2021-04-01,29.55,18.26,<50
Atacama,2021-04-01,31.86,18.05,<50
Coquimbo,2021-04-01,33.38,18.87,<50
Araucanía,2021-04-01,37.21,21.58,<50
Los Lagos,2021-04-01,36.62,21.2,<50
Los Ríos,2021-04-01,38.64,22.16,<50
Magallanes,2021-04-01,44.82,28.25,<50
Tarapacá,2021-04-01,27.6,15.72,<50
Valparaíso,2021-04-01,39.78,22.95,<50
Ñuble,2021-04-01,42.76,25.14,<50
Biobío,2021-04-01,38.56,21.79,<50
O’Higgins,2021-04-01,38.0,21.55,<50
Maule,2021-04-01,37.42,21.01,<50
Metropolitana,2021-04-01,32.89,17.51,<50
Aysén,2021-04-02,35.99,23.71,<50
Antofagasta,2021-04-02,29.56,14.37,<50
Arica y Parinacota,2021-04-02,29.59,18.26,<50
Atacama,2021-04-02,31.86,18.05,<50
Coquimbo,2021-04-02,33.38,18.88,<50
Araucanía,2021-04-02,37.22,21.61,<50
Los Lagos,2021-04-02,36.62,21.2,<50
Los Ríos,2021-04-02,38.67,22.22,<50
Magallanes,2021-04-02,44.82,28.25,<50
Tarapacá,2021-04-02,27.61,15.72,<50
Valparaíso,2021-04-02,39.78,22.98,<50
Ñuble,2021-04-02,42.76,25.14,<50
Biobío,2021-04-02,38.57,21.83,<50
O’Higgins,2021-04-02,38.0,21.56,<50
Maule,2021-04-02,37.43,21.01,<50
Metropolitana,2021-04-02,32.9,17.55,<50
Aysén,2021-04-03,36.05,23.71,<50
Antofagasta,2021-04-03,29.63,14.37,<50
Arica y Parinacota,2021-04-03,29.64,18.27,<50
Atacama,2021-04-03,31.86,18.05,<50
Coquimbo,2021-04-03,33.38,18.88,<50
Araucanía,2021-04-03,37.22,21.61,<50
Los Lagos,2021-04-03,36.62,21.2,<50
Los Ríos,2021-04-03,38.7,22.25,<50
Magallanes,2021-04-03,44.82,28.26,<50
Tarapacá,2021-04-03,27.62,15.72,<50
Valparaíso,2021-04-03,39.79,22.99,<50
Ñuble,2021-04-03,42.76,25.14,<50
Biobío,2021-04-03,38.57,21.84,<50
O’Higgins,2021-04-03,38.0,21.56,<50
Maule,2021-04-03,37.43,21.02,<50
Metropolitana,2021-04-03,32.91,17.56,<50
Aysén,2021-04-04,36.05,23.71,<50
Antofagasta,2021-04-04,29.66,14.37,<50
Arica y Parinacota,2021-04-04,29.64,18.27,<50
Atacama,2021-04-04,31.86,18.05,<50
Coquimbo,2021-04-04,33.38,18.88,<50
Araucanía,2021-04-04,37.22,21.61,<50
Los Lagos,2021-04-04,36.62,21.2,<50
Los Ríos,2021-04-04,38.72,22.26,<50
Magallanes,2021-04-04,44.82,28.26,<50
Tarapacá,2021-04-04,27.63,15.72,<50
Valparaíso,2021-04-04,39.8,22.99,<50
Ñuble,2021-04-04,42.76,25.14,<50
Biobío,2021-04-04,38.57,21.84,<50
O’Higgins,2021-04-04,38.0,21.56,<50
Maule,2021-04-04,37.43,21.02,<50
Metropolitana,2021-04-04,32.91,17.56,<50
Aysén,2021-04-05,36.44,24.41,<50
Antofagasta,2021-04-05,30.1,15.26,<50
Arica y Parinacota,2021-04-05,30.02,18.88,<50
Atacama,2021-04-05,32.37,18.89,<50
Coquimbo,2021-04-05,33.84,20.03,<50
Araucanía,2021-04-05,37.59,22.82,<50
Los Lagos,2021-04-05,37.06,22.19,<50
Los Ríos,2021-04-05,39.09,23.38,<50
Magallanes,2021-04-05,45.31,29.34,<50
Tarapacá,2021-04-05,28.09,16.48,<50
Valparaíso,2021-04-05,40.19,24.22,<50
Ñuble,2021-04-05,43.35,26.22,<50
Biobío,2021-04-05,38.94,22.95,<50
O’Higgins,2021-04-05,38.43,22.53,<50
Maule,2021-04-05,37.93,22.11,<50
Metropolitana,2021-04-05,33.28,18.56,<50
Aysén,2021-04-06,36.8,25.01,<50
Antofagasta,2021-04-06,30.6,16.0,<50
Arica y Parinacota,2021-04-06,30.57,19.38,<50
Atacama,2021-04-06,32.85,19.54,<50
Coquimbo,2021-04-06,34.38,20.83,<50
Araucanía,2021-04-06,38.04,23.63,<50
Los Lagos,2021-04-06,37.58,22.9,<50
Los Ríos,2021-04-06,39.5,24.32,<50
Magallanes,2021-04-06,46.03,30.18,<50
Tarapacá,2021-04-06,28.63,16.98,<50
Valparaíso,2021-04-06,40.68,25.06,<50
Ñuble,2021-04-06,43.98,27.23,<50
Biobío,2021-04-06,39.39,23.77,<50
O’Higgins,2021-04-06,38.89,23.34,<50
Maule,2021-04-06,38.49,22.95,<50
Metropolitana,2021-04-06,33.71,19.24,<50
Aysén,2021-04-07,37.14,25.51,<50
Antofagasta,2021-04-07,31.14,16.67,<50
Arica y Parinacota,2021-04-07,30.93,19.86,<50
Atacama,2021-04-07,33.41,20.11,<50
Coquimbo,2021-04-07,34.89,21.52,<50
Araucanía,2021-04-07,38.5,24.42,<50
Los Lagos,2021-04-07,38.08,23.58,<50
Los Ríos,2021-04-07,39.87,25.11,<50
Magallanes,2021-04-07,46.75,30.87,<50
Tarapacá,2021-04-07,29.18,17.44,<50
Valparaíso,2021-04-07,41.17,25.85,<50
Ñuble,2021-04-07,44.59,28.18,<50
Biobío,2021-04-07,39.87,24.55,<50
O’Higgins,2021-04-07,39.41,24.1,<50
Maule,2021-04-07,39.01,23.76,<50
Metropolitana,2021-04-07,34.16,19.88,<50
Aysén,2021-04-08,37.43,26.0,<50
Antofagasta,2021-04-08,31.57,17.24,<50
Arica y Parinacota,2021-04-08,31.3,20.46,<50
Atacama,2021-04-08,33.79,20.71,<50
Coquimbo,2021-04-08,35.35,22.32,<50
Araucanía,2021-04-08,38.86,25.37,<50
Los Lagos,2021-04-08,38.41,24.19,<50
Los Ríos,2021-04-08,40.3,26.04,<50
Magallanes,2021-04-08,47.31,31.72,<50
Tarapacá,2021-04-08,29.6,17.94,<50
Valparaíso,2021-04-08,41.56,26.9,<50
Ñuble,2021-04-08,45.16,29.31,<50
Biobío,2021-04-08,40.28,25.52,<50
O’Higgins,2021-04-08,39.7,25.06,<50
Maule,2021-04-08,39.46,24.64,<50
Metropolitana,2021-04-08,34.53,20.65,<50
Aysén,2021-04-09,37.69,26.49,<50
Antofagasta,2021-04-09,31.93,18.06,<50
Arica y Parinacota,2021-04-09,31.4,20.89,<50
Atacama,2021-04-09,34.27,21.21,<50
Coquimbo,2021-04-09,35.76,22.95,<50
Araucanía,2021-04-09,39.21,26.2,<50
Los Lagos,2021-04-09,38.73,24.85,<50
Los Ríos,2021-04-09,40.79,26.86,<50
Magallanes,2021-04-09,47.73,32.39,<50
Tarapacá,2021-04-09,30.02,18.35,<50
Valparaíso,2021-04-09,41.94,27.78,<50
Ñuble,2021-04-09,45.73,30.28,<50
Biobío,2021-04-09,40.61,26.32,<50
O’Higgins,2021-04-09,39.86,25.93,<50
Maule,2021-04-09,39.88,25.47,<50
Metropolitana,2021-04-09,34.88,21.36,<50
Aysén,2021-04-10,37.7,26.49,<50
Antofagasta,2021-04-10,32.01,18.09,<50
Arica y Parinacota,2021-04-10,31.4,20.91,<50
Atacama,2021-04-10,34.31,21.21,<50
Coquimbo,2021-04-10,35.77,22.97,<50
Araucanía,2021-04-10,39.23,26.23,<50
Los Lagos,2021-04-10,38.75,24.88,<50
Los Ríos,2021-04-10,40.83,26.9,<50
Magallanes,2021-04-10,47.74,32.39,<50
Tarapacá,2021-04-10,30.06,18.38,<50
Valparaíso,2021-04-10,41.97,27.82,<50
Ñuble,2021-04-10,45.77,30.29,<50
Biobío,2021-04-10,40.69,26.43,<50
O’Higgins,2021-04-10,39.86,25.96,<50
Maule,2021-04-10,39.9,25.5,<50
Metropolitana,2021-04-10,34.97,21.49,<50
Aysén,2021-04-11,37.7,26.49,<50
Antofagasta,2021-04-11,32.03,18.09,<50
Arica y Parinacota,2021-04-11,31.4,20.91,<50
Atacama,2021-04-11,34.31,21.21,<50
Coquimbo,2021-04-11,35.77,22.97,<50
Araucanía,2021-04-11,39.23,26.23,<50
Los Lagos,2021-04-11,38.75,24.88,<50
Los Ríos,2021-04-11,40.84,26.92,<50
Magallanes,2021-04-11,47.74,32.39,<50
Tarapacá,2021-04-11,30.07,18.38,<50
Valparaíso,2021-04-11,41.98,27.83,<50
Ñuble,2021-04-11,45.77,30.3,<50
Biobío,2021-04-11,40.7,26.45,<50
O’Higgins,2021-04-11,39.86,25.96,<50
Maule,2021-04-11,39.91,25.51,<50
Metropolitana,2021-04-11,34.98,21.5,<50
Aysén,2021-04-12,38.05,27.26,<50
Antofagasta,2021-04-12,32.49,18.87,<50
Arica y Parinacota,2021-04-12,31.76,21.21,<50
Atacama,2021-04-12,34.45,21.83,<50
Coquimbo,2021-04-12,36.22,23.72,<50
Araucanía,2021-04-12,39.56,27.13,<50
Los Lagos,2021-04-12,39.08,25.83,<50
Los Ríos,2021-04-12,41.19,27.76,<50
Magallanes,2021-04-12,48.28,33.05,<50
Tarapacá,2021-04-12,30.59,19.0,<50
Valparaíso,2021-04-12,42.42,28.65,<50
Ñuble,2021-04-12,46.15,31.41,<50
Biobío,2021-04-12,41.08,27.41,<50
O’Higgins,2021-04-12,40.18,26.88,<50
Maule,2021-04-12,40.19,26.44,<50
Metropolitana,2021-04-12,35.39,22.23,<50
Aysén,2021-04-13,38.37,28.11,<50
Antofagasta,2021-04-13,32.93,19.59,<50
Arica y Parinacota,2021-04-13,32.12,21.89,<50
Atacama,2021-04-13,34.93,22.65,<50
Coquimbo,2021-04-13,36.63,24.45,<50
Araucanía,2021-04-13,39.97,28.03,<50
Los Lagos,2021-04-13,39.52,26.77,<50
Los Ríos,2021-04-13,41.58,28.64,<50
Magallanes,2021-04-13,48.74,33.89,<50
Tarapacá,2021-04-13,31.03,19.64,<50
Valparaíso,2021-04-13,42.78,29.52,<50
Ñuble,2021-04-13,46.45,32.51,<50
Biobío,2021-04-13,41.44,28.36,<50
O’Higgins,2021-04-13,40.61,27.76,<50
Maule,2021-04-13,40.56,27.37,<50
Metropolitana,2021-04-13,35.75,22.96,<50
Aysén,2021-04-14,38.7,28.88,<50
Antofagasta,2021-04-14,33.37,20.36,<50
Arica y Parinacota,2021-04-14,32.51,22.56,<50
Atacama,2021-04-14,35.37,23.35,<50
Coquimbo,2021-04-14,37.02,25.11,<50
Araucanía,2021-04-14,40.33,28.84,<50
Los Lagos,2021-04-14,39.96,27.57,<50
Los Ríos,2021-04-14,42.05,29.42,<50
Magallanes,2021-04-14,49.3,34.67,<50
Tarapacá,2021-04-14,31.49,20.24,<50
Valparaíso,2021-04-14,43.21,30.38,<50
Ñuble,2021-04-14,46.7,33.44,<50
Biobío,2021-04-14,41.78,29.22,<50
O’Higgins,2021-04-14,41.08,28.61,<50
Maule,2021-04-14,40.91,28.18,<50
Metropolitana,2021-04-14,36.15,23.66,<50
Aysén,2021-04-15,39.0,29.48,<50
Antofagasta,2021-04-15,33.74,21.07,<50
Arica y Parinacota,2021-04-15,32.8,23.28,<50
Atacama,2021-04-15,35.73,24.04,<50
Coquimbo,2021-04-15,37.36,25.75,<50
Araucanía,2021-04-15,40.62,29.59,<50
Los Lagos,2021-04-15,40.34,28.3,<50
Los Ríos,2021-04-15,42.46,30.04,<50
Magallanes,2021-04-15,49.81,35.46,<50
Tarapacá,2021-04-15,31.91,20.79,<50
Valparaíso,2021-04-15,43.54,31.28,<50
Ñuble,2021-04-15,46.89,34.25,<50
Biobío,2021-04-15,42.02,30.01,<50
O’Higgins,2021-04-15,41.44,29.33,<50
Maule,2021-04-15,41.14,28.94,<50
Metropolitana,2021-04-15,36.46,24.35,<50
Aysén,2021-04-16,39.27,30.02,<50
Antofagasta,2021-04-16,34.1,21.71,<50
Arica y Parinacota,2021-04-16,33.07,23.63,<50
Atacama,2021-04-16,36.05,24.62,<50
Coquimbo,2021-04-16,37.71,26.35,<50
Araucanía,2021-04-16,40.89,30.33,<50
Los Lagos,2021-04-16,40.63,28.84,<50
Los Ríos,2021-04-16,42.87,30.66,<50
Magallanes,2021-04-16,50.27,36.31,<50
Tarapacá,2021-04-16,32.42,21.38,<50
Valparaíso,2021-04-16,43.9,32.08,<50
Ñuble,2021-04-16,47.13,35.05,<50
Biobío,2021-04-16,42.24,30.73,<50
O’Higgins,2021-04-16,41.77,30.03,<50
Maule,2021-04-16,41.37,29.65,<50
Metropolitana,2021-04-16,36.74,25.0,<50
Aysén,2021-04-17,39.28,30.02,<50
Antofagasta,2021-04-17,34.24,21.81,<50
Arica y Parinacota,2021-04-17,33.08,23.66,<50
Atacama,2021-04-17,36.05,24.62,<50
Coquimbo,2021-04-17,37.71,26.36,<50
Araucanía,2021-04-17,40.91,30.36,<50
Los Lagos,2021-04-17,40.65,28.86,<50
Los Ríos,2021-04-17,42.96,30.72,<50
Magallanes,2021-04-17,50.27,36.32,<50
Tarapacá,2021-04-17,32.47,21.42,<50
Valparaíso,2021-04-17,43.92,32.12,<50
Ñuble,2021-04-17,47.14,35.09,<50
Biobío,2021-04-17,42.26,30.83,<50
O’Higgins,2021-04-17,41.8,30.05,<50
Maule,2021-04-17,41.39,29.69,<50
Metropolitana,2021-04-17,36.79,25.12,<50
Aysén,2021-04-18,39.28,30.02,<50
Antofagasta,2021-04-18,34.26,21.82,<50
Arica y Parinacota,2021-04-18,33.08,23.66,<50
Atacama,2021-04-18,36.05,24.62,<50
Coquimbo,2021-04-18,37.71,26.36,<50
Araucanía,2021-04-18,40.91,30.36,<50
Los Lagos,2021-04-18,40.65,28.86,<50
Los Ríos,2021-04-18,42.96,30.76,<50
Magallanes,2021-04-18,50.27,36.32,<50
Tarapacá,2021-04-18,32.48,21.42,<50
Valparaíso,2021-04-18,43.92,32.13,<50
Ñuble,2021-04-18,47.15,35.1,<50
Biobío,2021-04-18,42.27,30.87,<50
O’Higgins,2021-04-18,41.8,30.05,<50
Maule,2021-04-18,41.39,29.7,<50
Metropolitana,2021-04-18,36.8,25.12,<50
Aysén,2021-04-19,39.52,30.54,<50
Antofagasta,2021-04-19,34.47,22.69,<50
Arica y Parinacota,2021-04-19,33.37,23.91,<50
Atacama,2021-04-19,36.4,25.27,<50
Coquimbo,2021-04-19,38.02,27.09,<50
Araucanía,2021-04-19,41.16,31.08,<50
Los Lagos,2021-04-19,40.72,29.57,<50
Los Ríos,2021-04-19,43.16,31.51,<50
Magallanes,2021-04-19,50.63,37.09,<50
Tarapacá,2021-04-19,32.98,22.06,<50
Valparaíso,2021-04-19,44.21,32.93,<50
Ñuble,2021-04-19,47.34,35.87,<50
Biobío,2021-04-19,42.47,31.67,<50
O’Higgins,2021-04-19,41.99,30.78,<50
Maule,2021-04-19,41.62,30.49,<50
Metropolitana,2021-04-19,36.99,25.88,<50
Aysén,2021-04-20,39.84,31.18,<50
Antofagasta,2021-04-20,34.61,23.46,<50
Arica y Parinacota,2021-04-20,33.67,24.67,<50
Atacama,2021-04-20,36.84,26.05,<50
Coquimbo,2021-04-20,38.27,27.73,<50
Araucanía,2021-04-20,41.44,31.77,<50
Los Lagos,2021-04-20,40.79,30.35,<50
Los Ríos,2021-04-20,43.41,32.26,<50
Magallanes,2021-04-20,51.04,37.98,<50
Tarapacá,2021-04-20,33.51,22.7,<50
Valparaíso,2021-04-20,44.46,33.62,<50
Ñuble,2021-04-20,47.53,36.65,<50
Biobío,2021-04-20,42.63,32.4,<50
O’Higgins,2021-04-20,42.18,31.51,<50
Maule,2021-04-20,41.81,31.28,<50
Metropolitana,2021-04-20,37.16,26.66,<50
Aysén,2021-04-21,40.07,31.68,<50
Antofagasta,2021-04-21,34.73,24.19,<50
Arica y Parinacota,2021-04-21,33.94,25.26,<50
Atacama,2021-04-21,37.13,26.77,<50
Coquimbo,2021-04-21,38.5,28.4,<50
Araucanía,2021-04-21,41.64,32.45,<50
Los Lagos,2021-04-21,40.85,31.19,<50
Los Ríos,2021-04-21,43.61,33.01,<50
Magallanes,2021-04-21,51.33,38.82,<50
Tarapacá,2021-04-21,33.96,23.32,<50
Valparaíso,2021-04-21,44.66,34.36,<50
Ñuble,2021-04-21,47.67,37.39,<50
Biobío,2021-04-21,42.76,33.15,<50
O’Higgins,2021-04-21,42.35,32.28,<50
Maule,2021-04-21,42.0,32.05,<50
Metropolitana,2021-04-21,37.28,27.39,<50
Aysén,2021-04-22,40.38,32.17,<50
Antofagasta,2021-04-22,34.96,24.91,<50
Arica y Parinacota,2021-04-22,34.32,25.54,<50
Atacama,2021-04-22,37.46,27.47,<50
Coquimbo,2021-04-22,38.82,29.08,<50
Araucanía,2021-04-22,41.94,33.09,<50
Los Lagos,2021-04-22,40.99,31.92,<50
Los Ríos,2021-04-22,43.84,33.81,<50
Magallanes,2021-04-22,51.76,39.44,<50
Tarapacá,2021-04-22,34.33,23.78,<50
Valparaíso,2021-04-22,45.02,35.06,<50
Ñuble,2021-04-22,47.93,38.17,<50
Biobío,2021-04-22,43.02,33.85,<50
O’Higgins,2021-04-22,42.64,33.04,<50
Maule,2021-04-22,42.27,32.79,<50
Metropolitana,2021-04-22,37.56,28.17,<50
Aysén,2021-04-23,40.66,32.67,<50
Antofagasta,2021-04-23,35.11,25.59,<50
Arica y Parinacota,2021-04-23,34.48,26.11,<50
Atacama,2021-04-23,37.75,28.03,<50
Coquimbo,2021-04-23,39.08,29.77,<50
Araucanía,2021-04-23,42.18,33.75,<50
Los Lagos,2021-04-23,41.17,32.57,<50
Los Ríos,2021-04-23,43.98,34.48,<50
Magallanes,2021-04-23,51.95,40.0,<50
Tarapacá,2021-04-23,34.68,24.25,<50
Valparaíso,2021-04-23,45.27,35.82,<50
Ñuble,2021-04-23,48.1,38.91,<50
Biobío,2021-04-23,43.2,34.58,<50
O’Higgins,2021-04-23,42.86,33.82,<50
Maule,2021-04-23,42.49,33.49,<50
Metropolitana,2021-04-23,37.74,28.94,<50
Aysén,2021-04-24,40.68,32.69,<50
Antofagasta,2021-04-24,35.19,25.67,<50
Arica y Parinacota,2021-04-24,34.51,26.12,<50
Atacama,2021-04-24,37.75,28.03,<50
Coquimbo,2021-04-24,39.09,29.8,<50
Araucanía,2021-04-24,42.22,33.78,<50
Los Lagos,2021-04-24,41.19,32.6,<50
Los Ríos,2021-04-24,44.0,34.53,<50
Magallanes,2021-04-24,51.95,40.0,<50
Tarapacá,2021-04-24,34.75,24.28,<50
Valparaíso,2021-04-24,45.29,35.84,<50
Ñuble,2021-04-24,48.11,38.92,<50
Biobío,2021-04-24,43.23,34.63,<50
O’Higgins,2021-04-24,42.87,33.83,<50
Maule,2021-04-24,42.5,33.51,<50
Metropolitana,2021-04-24,37.78,29.04,<50
Aysén,2021-04-25,40.68,32.69,<50
Antofagasta,2021-04-25,35.2,25.69,<50
Arica y Parinacota,2021-04-25,34.51,26.12,<50
Atacama,2021-04-25,37.75,28.03,<50
Coquimbo,2021-04-25,39.09,29.8,<50
Araucanía,2021-04-25,42.22,33.78,<50
Los Lagos,2021-04-25,41.19,32.6,<50
Los Ríos,2021-04-25,44.0,34.53,<50
Magallanes,2021-04-25,51.95,40.0,<50
Tarapacá,2021-04-25,34.75,24.28,<50
Valparaíso,2021-04-25,45.29,35.84,<50
Ñuble,2021-04-25,48.11,38.93,<50
Biobío,2021-04-25,43.24,34.64,<50
O’Higgins,2021-04-25,42.87,33.83,<50
Maule,2021-04-25,42.5,33.51,<50
Metropolitana,2021-04-25,37.78,29.05,<50
Aysén,2021-04-26,40.95,33.27,<50
Antofagasta,2021-04-26,35.33,26.41,<50
Arica y Parinacota,2021-04-26,34.74,26.75,<50
Atacama,2021-04-26,38.0,28.45,<50
Coquimbo,2021-04-26,39.36,30.44,<50
Araucanía,2021-04-26,42.46,34.47,<50
Los Lagos,2021-04-26,41.5,33.27,<50
Los Ríos,2021-04-26,44.14,35.33,<50
Magallanes,2021-04-26,52.0,40.52,<50
Tarapacá,2021-04-26,35.12,25.03,<50
Valparaíso,2021-04-26,45.57,36.7,<50
Ñuble,2021-04-26,48.35,39.72,<50
Biobío,2021-04-26,43.44,35.42,<50
O’Higgins,2021-04-26,43.07,34.63,<50
Maule,2021-04-26,42.64,34.35,<50
Metropolitana,2021-04-26,37.98,29.86,<50
Aysén,2021-04-27,41.19,33.77,<50
Antofagasta,2021-04-27,35.46,26.94,<50
Arica y Parinacota,2021-04-27,35.04,27.39,<50
Atacama,2021-04-27,38.35,29.15,<50
Coquimbo,2021-04-27,39.63,30.99,<50
Araucanía,2021-04-27,42.71,35.1,<50
Los Lagos,2021-04-27,41.82,33.94,<50
Los Ríos,2021-04-27,44.25,36.0,<50
Magallanes,2021-04-27,52.35,41.33,<50
Tarapacá,2021-04-27,35.5,25.55,<50
Valparaíso,2021-04-27,45.77,37.38,<50
Ñuble,2021-04-27,48.53,40.41,<50
Biobío,2021-04-27,43.6,36.1,<50
O’Higgins,2021-04-27,43.28,35.49,<50
Maule,2021-04-27,42.82,35.06,<50
Metropolitana,2021-04-27,38.15,30.53,<50
Aysén,2021-04-28,41.5,34.28,<50
Antofagasta,2021-04-28,35.59,27.52,<50
Arica y Parinacota,2021-04-28,35.28,27.91,<50
Atacama,2021-04-28,38.7,29.86,<50
Coquimbo,2021-04-28,39.91,31.68,<50
Araucanía,2021-04-28,42.96,35.66,<50
Los Lagos,2021-04-28,42.03,34.52,<50
Los Ríos,2021-04-28,44.34,36.44,<50
Magallanes,2021-04-28,52.69,42.05,<50
Tarapacá,2021-04-28,35.96,26.07,<50
Valparaíso,2021-04-28,46.02,38.03,<50
Ñuble,2021-04-28,48.74,41.0,<50
Biobío,2021-04-28,43.8,36.77,<50
O’Higgins,2021-04-28,43.51,36.25,<50
Maule,2021-04-28,42.99,35.69,<50
Metropolitana,2021-04-28,38.36,31.17,<50
Aysén,2021-04-29,41.84,34.85,<50
Antofagasta,2021-04-29,35.69,28.23,<50
Arica y Parinacota,2021-04-29,35.45,28.33,<50
Atacama,2021-04-29,38.97,30.43,<50
Coquimbo,2021-04-29,40.17,32.31,<50
Araucanía,2021-04-29,43.14,36.19,<50
Los Lagos,2021-04-29,42.22,35.2,<50
Los Ríos,2021-04-29,44.46,37.21,<50
Magallanes,2021-04-29,52.82,42.63,<50
Tarapacá,2021-04-29,36.24,26.56,<50
Valparaíso,2021-04-29,46.22,38.7,<50
Ñuble,2021-04-29,48.91,41.79,<50
Biobío,2021-04-29,43.95,37.4,<50
O’Higgins,2021-04-29,43.69,36.95,<50
Maule,2021-04-29,43.11,36.3,<50
Metropolitana,2021-04-29,38.48,31.78,<50
Aysén,2021-04-30,42.23,35.02,<50
Antofagasta,2021-04-30,35.89,28.5,<50
Arica y Parinacota,2021-04-30,35.62,28.48,<50
Atacama,2021-04-30,39.32,30.68,<50
Coquimbo,2021-04-30,40.4,32.49,<50
Araucanía,2021-04-30,43.4,36.34,<50
Los Lagos,2021-04-30,42.36,35.37,<50
Los Ríos,2021-04-30,44.7,37.48,<50
Magallanes,2021-04-30,52.94,42.95,<50
Tarapacá,2021-04-30,36.52,26.74,<50
Valparaíso,2021-04-30,46.45,38.87,<50
Ñuble,2021-04-30,49.07,41.97,<50
Biobío,2021-04-30,44.22,37.6,<50
O’Higgins,2021-04-30,43.97,37.13,<50
Maule,2021-04-30,43.44,36.53,<50
Metropolitana,2021-04-30,38.76,31.96,<50
Aysén,2021-05-01,42.33,35.02,<50
Antofagasta,2021-05-01,35.89,28.52,<50
Arica y Parinacota,2021-05-01,35.63,28.48,<50
Atacama,2021-05-01,39.32,30.68,<50
Coquimbo,2021-05-01,40.4,32.49,<50
Araucanía,2021-05-01,43.41,36.34,<50
Los Lagos,2021-05-01,42.36,35.37,<50
Los Ríos,2021-05-01,44.73,37.5,<50
Magallanes,2021-05-01,52.94,42.95,<50
Tarapacá,2021-05-01,36.54,26.74,<50
Valparaíso,2021-05-01,46.46,38.88,<50
Ñuble,2021-05-01,49.07,41.97,<50
Biobío,2021-05-01,44.23,37.6,<50
O’Higgins,2021-05-01,43.97,37.13,<50
Maule,2021-05-01,43.44,36.53,<50
Metropolitana,2021-05-01,38.76,31.97,<50
Aysén,2021-05-02,42.33,35.02,<50
Antofagasta,2021-05-02,35.9,28.54,<50
Arica y Parinacota,2021-05-02,35.63,28.48,<50
Atacama,2021-05-02,39.32,30.68,<50
Coquimbo,2021-05-02,40.4,32.49,<50
Araucanía,2021-05-02,43.41,36.34,<50
Los Lagos,2021-05-02,42.36,35.37,<50
Los Ríos,2021-05-02,44.74,37.5,<50
Magallanes,2021-05-02,52.94,42.95,<50
Tarapacá,2021-05-02,36.57,26.75,<50
Valparaíso,2021-05-02,46.46,38.88,<50
Ñuble,2021-05-02,49.07,41.97,<50
Biobío,2021-05-02,44.25,37.61,<50
O’Higgins,2021-05-02,43.97,37.13,<50
Maule,2021-05-02,43.44,36.53,<50
Metropolitana,2021-05-02,38.76,31.97,<50
Aysén,2021-05-03,42.77,35.34,<50
Antofagasta,2021-05-03,36.3,28.99,<50
Arica y Parinacota,2021-05-03,35.97,28.84,<50
Atacama,2021-05-03,39.79,31.08,<50
Coquimbo,2021-05-03,40.82,32.91,<50
Araucanía,2021-05-03,43.79,36.67,<50
Los Lagos,2021-05-03,42.74,35.84,<50
Los Ríos,2021-05-03,45.0,37.82,<50
Magallanes,2021-05-03,53.23,43.47,<50
Tarapacá,2021-05-03,37.01,27.17,<50
Valparaíso,2021-05-03,46.87,39.26,<50
Ñuble,2021-05-03,49.44,42.49,<50
Biobío,2021-05-03,44.64,37.98,<50
O’Higgins,2021-05-03,44.47,37.57,<50
Maule,2021-05-03,43.84,36.95,<50
Metropolitana,2021-05-03,39.13,32.33,<50
Aysén,2021-05-04,43.21,35.72,<50
Antofagasta,2021-05-04,36.78,29.5,<50
Arica y Parinacota,2021-05-04,36.29,29.27,<50
Atacama,2021-05-04,40.27,31.54,<50
Coquimbo,2021-05-04,41.26,33.39,<50
Araucanía,2021-05-04,44.21,37.08,<50
Los Lagos,2021-05-04,43.15,36.33,<50
Los Ríos,2021-05-04,45.29,38.24,<50
Magallanes,2021-05-04,53.57,44.37,<50
Tarapacá,2021-05-04,37.37,27.63,<50
Valparaíso,2021-05-04,47.29,39.72,<50
Ñuble,2021-05-04,49.82,43.07,<50
Biobío,2021-05-04,45.05,38.39,<50
O’Higgins,2021-05-04,44.98,38.04,<50
Maule,2021-05-04,44.33,37.46,<50
Metropolitana,2021-05-04,39.51,32.74,<50
Aysén,2021-05-05,43.57,36.09,<50
Antofagasta,2021-05-05,37.23,30.06,<50
Arica y Parinacota,2021-05-05,36.74,29.61,<50
Atacama,2021-05-05,40.69,32.09,<50
Coquimbo,2021-05-05,41.7,33.91,<50
Araucanía,2021-05-05,44.61,37.52,<50
Los Lagos,2021-05-05,43.52,36.82,<50
Los Ríos,2021-05-05,45.61,38.68,<50
Magallanes,2021-05-05,53.89,44.84,<50
Tarapacá,2021-05-05,37.72,28.01,<50
Valparaíso,2021-05-05,47.73,40.17,<50
Ñuble,2021-05-05,50.23,43.68,<50
Biobío,2021-05-05,45.45,38.86,<50
O’Higgins,2021-05-05,45.5,38.58,<50
Maule,2021-05-05,44.78,38.0,<50
Metropolitana,2021-05-05,39.92,33.19,<50
Aysén,2021-05-06,43.95,36.39,<50
Antofagasta,2021-05-06,37.68,30.49,<50
Arica y Parinacota,2021-05-06,37.11,29.68,<50
Atacama,2021-05-06,41.11,32.45,<50
Coquimbo,2021-05-06,42.12,34.35,<50
Araucanía,2021-05-06,45.0,37.88,<50
Los Lagos,2021-05-06,43.88,37.21,<50
Los Ríos,2021-05-06,45.96,39.11,<50
Magallanes,2021-05-06,54.14,45.59,<50
Tarapacá,2021-05-06,38.03,28.51,<50
Valparaíso,2021-05-06,48.16,40.57,<50
Ñuble,2021-05-06,50.59,44.25,<50
Biobío,2021-05-06,45.86,39.26,<50
O’Higgins,2021-05-06,46.0,38.92,<50
Maule,2021-05-06,45.26,38.45,<50
Metropolitana,2021-05-06,40.33,33.55,<50
Aysén,2021-05-07,44.25,36.63,<50
Antofagasta,2021-05-07,38.09,30.85,<50
Arica y Parinacota,2021-05-07,37.44,29.76,<50
Atacama,2021-05-07,41.64,32.76,<50
Coquimbo,2021-05-07,42.54,34.75,<50
Araucanía,2021-05-07,45.4,38.23,<50
Los Lagos,2021-05-07,44.24,37.51,<50
Los Ríos,2021-05-07,46.37,39.49,<50
Magallanes,2021-05-07,54.45,46.07,<50
Tarapacá,2021-05-07,38.35,28.9,<50
Valparaíso,2021-05-07,48.59,40.93,<50
Ñuble,2021-05-07,50.96,44.73,<50
Biobío,2021-05-07,46.23,39.55,<50
O’Higgins,2021-05-07,46.54,39.12,<50
Maule,2021-05-07,45.79,38.86,<50
Metropolitana,2021-05-07,40.76,33.84,<50
Aysén,2021-05-08,44.28,36.64,<50
Antofagasta,2021-05-08,38.26,30.93,<50
Arica y Parinacota,2021-05-08,37.47,29.77,<50
Atacama,2021-05-08,41.7,32.78,<50
Coquimbo,2021-05-08,42.56,34.76,<50
Araucanía,2021-05-08,45.46,38.24,<50
Los Lagos,2021-05-08,44.27,37.53,<50
Los Ríos,2021-05-08,46.44,39.52,<50
Magallanes,2021-05-08,54.46,46.08,<50
Tarapacá,2021-05-08,38.53,28.98,<50
Valparaíso,2021-05-08,48.64,40.95,<50
Ñuble,2021-05-08,51.01,44.75,<50
Biobío,2021-05-08,46.32,39.6,<50
O’Higgins,2021-05-08,46.56,39.12,<50
Maule,2021-05-08,45.87,38.89,<50
Metropolitana,2021-05-08,40.88,33.91,<50
Aysén,2021-05-09,44.28,36.64,<50
Antofagasta,2021-05-09,38.3,30.95,<50
Arica y Parinacota,2021-05-09,37.47,29.77,<50
Atacama,2021-05-09,41.7,32.78,<50
Coquimbo,2021-05-09,42.56,34.76,<50
Araucanía,2021-05-09,45.46,38.24,<50
Los Lagos,2021-05-09,44.27,37.53,<50
Los Ríos,2021-05-09,46.44,39.52,<50
Magallanes,2021-05-09,54.46,46.08,<50
Tarapacá,2021-05-09,38.54,28.98,<50
Valparaíso,2021-05-09,48.65,40.95,<50
Ñuble,2021-05-09,51.02,44.76,<50
Biobío,2021-05-09,46.34,39.61,<50
O’Higgins,2021-05-09,46.56,39.12,<50
Maule,2021-05-09,45.87,38.89,<50
Metropolitana,2021-05-09,40.88,33.91,<50
Aysén,2021-05-10,44.68,36.93,<50
Antofagasta,2021-05-10,38.85,31.34,<50
Arica y Parinacota,2021-05-10,37.94,30.22,<50
Atacama,2021-05-10,42.18,33.05,<50
Coquimbo,2021-05-10,43.09,35.18,<50
Araucanía,2021-05-10,45.96,38.58,<50
Los Lagos,2021-05-10,44.7,37.89,<50
Los Ríos,2021-05-10,46.81,39.85,<50
Magallanes,2021-05-10,54.85,46.61,<50
Tarapacá,2021-05-10,38.95,29.48,<50
Valparaíso,2021-05-10,49.17,41.36,<50
Ñuble,2021-05-10,51.46,45.17,<50
Biobío,2021-05-10,46.8,39.99,<50
O’Higgins,2021-05-10,47.22,39.45,<50
Maule,2021-05-10,46.45,39.21,<50
Metropolitana,2021-05-10,41.43,34.23,<50
Aysén,2021-05-11,45.11,37.3,<50
Antofagasta,2021-05-11,39.4,31.81,<50
Arica y Parinacota,2021-05-11,38.44,30.7,<50
Atacama,2021-05-11,42.74,33.58,<50
Coquimbo,2021-05-11,43.66,35.6,<50
Araucanía,2021-05-11,46.5,38.96,<50
Los Lagos,2021-05-11,45.19,38.35,<50
Los Ríos,2021-05-11,47.22,40.29,<50
Magallanes,2021-05-11,55.38,47.17,<50
Tarapacá,2021-05-11,39.35,29.91,<50
Valparaíso,2021-05-11,49.73,41.76,<50
Ñuble,2021-05-11,51.95,45.56,<50
Biobío,2021-05-11,47.29,40.36,<50
O’Higgins,2021-05-11,47.87,39.89,<50
Maule,2021-05-11,47.07,39.59,<50
Metropolitana,2021-05-11,41.98,34.68,<50
Aysén,2021-05-12,45.55,37.62,<50
Antofagasta,2021-05-12,39.91,32.22,<50
Arica y Parinacota,2021-05-12,38.91,31.03,<50
Atacama,2021-05-12,43.24,33.99,<50
Coquimbo,2021-05-12,44.19,36.0,<50
Araucanía,2021-05-12,47.03,39.31,<50
Los Lagos,2021-05-12,45.7,38.78,<50
Los Ríos,2021-05-12,47.64,40.78,<50
Magallanes,2021-05-12,55.7,47.69,<50
Tarapacá,2021-05-12,39.76,30.29,<50
Valparaíso,2021-05-12,50.25,42.17,<50
Ñuble,2021-05-12,52.44,45.85,<50
Biobío,2021-05-12,47.77,40.72,<50
O’Higgins,2021-05-12,48.53,40.34,<50
Maule,2021-05-12,47.69,39.94,<50
Metropolitana,2021-05-12,42.53,35.08,<50
Aysén,2021-05-13,45.9,37.84,<50
Antofagasta,2021-05-13,40.4,32.53,<50
Arica y Parinacota,2021-05-13,39.39,31.24,<50
Atacama,2021-05-13,43.67,34.32,<50
Coquimbo,2021-05-13,44.7,36.34,<50
Araucanía,2021-05-13,47.49,39.6,<50
Los Lagos,2021-05-13,46.19,39.15,<50
Los Ríos,2021-05-13,48.01,41.18,<50
Magallanes,2021-05-13,56.06,48.14,<50
Tarapacá,2021-05-13,40.11,30.68,<50
Valparaíso,2021-05-13,50.74,42.47,<50
Ñuble,2021-05-13,52.87,46.08,<50
Biobío,2021-05-13,48.21,40.97,<50
O’Higgins,2021-05-13,49.12,40.7,<50
Maule,2021-05-13,48.25,40.2,<50
Metropolitana,2021-05-13,43.04,35.38,<50
Aysén,2021-05-14,46.25,38.02,<50
Antofagasta,2021-05-14,40.92,32.86,<50
Arica y Parinacota,2021-05-14,39.82,31.47,<50
Atacama,2021-05-14,44.19,34.55,<50
Coquimbo,2021-05-14,45.2,36.65,<50
Araucanía,2021-05-14,47.99,39.84,<50
Los Lagos,2021-05-14,46.67,39.42,<50
Los Ríos,2021-05-14,48.4,41.5,<50
Magallanes,2021-05-14,56.5,48.59,<50
Tarapacá,2021-05-14,40.51,31.11,<50
Valparaíso,2021-05-14,51.26,42.78,<50
Ñuble,2021-05-14,53.33,46.33,<50
Biobío,2021-05-14,48.64,41.18,<50
O’Higgins,2021-05-14,49.75,41.02,<50
Maule,2021-05-14,48.87,40.45,<50
Metropolitana,2021-05-14,43.59,35.67,<50
Aysén,2021-05-15,46.32,38.03,<50
Antofagasta,2021-05-15,40.96,32.88,<50
Arica y Parinacota,2021-05-15,39.85,31.48,<50
Atacama,2021-05-15,44.2,34.55,<50
Coquimbo,2021-05-15,45.2,36.65,<50
Araucanía,2021-05-15,47.99,39.84,<50
Los Lagos,2021-05-15,46.67,39.42,<50
Los Ríos,2021-05-15,48.41,41.51,<50
Magallanes,2021-05-15,56.5,48.59,<50
Tarapacá,2021-05-15,40.53,31.11,<50
Valparaíso,2021-05-15,51.27,42.78,<50
Ñuble,2021-05-15,53.36,46.34,<50
Biobío,2021-05-15,48.64,41.18,<50
O’Higgins,2021-05-15,49.75,41.02,<50
Maule,2021-05-15,48.88,40.46,<50
Metropolitana,2021-05-15,43.59,35.67,<50
Aysén,2021-05-16,46.33,38.03,<50
Antofagasta,2021-05-16,40.97,32.89,<50
Arica y Parinacota,2021-05-16,39.85,31.48,<50
Atacama,2021-05-16,44.2,34.55,<50
Coquimbo,2021-05-16,45.2,36.65,<50
Araucanía,2021-05-16,47.99,39.84,<50
Los Lagos,2021-05-16,46.67,39.42,<50
Los Ríos,2021-05-16,48.41,41.51,<50
Magallanes,2021-05-16,56.5,48.59,<50
Tarapacá,2021-05-16,40.53,31.11,<50
Valparaíso,2021-05-16,51.27,42.79,<50
Ñuble,2021-05-16,53.38,46.34,<50
Biobío,2021-05-16,48.64,41.18,<50
O’Higgins,2021-05-16,49.75,41.02,<50
Maule,2021-05-16,48.88,40.46,<50
Metropolitana,2021-05-16,43.59,35.67,<50
Aysén,2021-05-17,46.76,38.39,<50
Antofagasta,2021-05-17,41.63,33.16,<50
Arica y Parinacota,2021-05-17,40.34,31.84,<50
Atacama,2021-05-17,44.75,34.91,<50
Coquimbo,2021-05-17,45.77,36.96,<50
Araucanía,2021-05-17,48.48,40.11,<50
Los Lagos,2021-05-17,47.24,39.58,<50
Los Ríos,2021-05-17,48.82,41.75,<50
Magallanes,2021-05-17,56.9,48.85,<50
Tarapacá,2021-05-17,40.93,31.63,<50
Valparaíso,2021-05-17,51.87,43.08,<50
Ñuble,2021-05-17,53.82,46.54,<50
Biobío,2021-05-17,49.18,41.41,<50
O’Higgins,2021-05-17,50.45,41.2,<50
Maule,2021-05-17,49.51,40.65,<50
Metropolitana,2021-05-17,44.31,35.88,<50
Aysén,2021-05-18,47.32,38.78,<50
Antofagasta,2021-05-18,42.39,33.41,<50
Arica y Parinacota,2021-05-18,40.89,32.22,<50
Atacama,2021-05-18,45.38,35.37,<50
Coquimbo,2021-05-18,46.47,37.26,<50
Araucanía,2021-05-18,49.03,40.4,<50
Los Lagos,2021-05-18,47.87,39.73,<50
Los Ríos,2021-05-18,49.38,42.12,<50
Magallanes,2021-05-18,57.39,49.24,50-69
Tarapacá,2021-05-18,41.35,32.14,<50
Valparaíso,2021-05-18,52.51,43.37,<50
Ñuble,2021-05-18,54.55,46.71,<50
Biobío,2021-05-18,49.75,41.6,<50
O’Higgins,2021-05-18,51.26,41.44,<50
Maule,2021-05-18,50.26,40.86,<50
Metropolitana,2021-05-18,45.06,36.09,<50
Aysén,2021-05-19,47.94,39.03,<50
Antofagasta,2021-05-19,43.06,33.6,<50
Arica y Parinacota,2021-05-19,41.46,32.51,<50
Atacama,2021-05-19,46.0,35.72,<50
Coquimbo,2021-05-19,47.08,37.51,<50
Araucanía,2021-05-19,49.56,40.63,<50
Los Lagos,2021-05-19,48.44,39.86,<50
Los Ríos,2021-05-19,49.99,42.38,<50
Magallanes,2021-05-19,57.98,49.66,50-69
Tarapacá,2021-05-19,41.72,32.65,<50
Valparaíso,2021-05-19,53.11,43.62,<50
Ñuble,2021-05-19,55.56,46.89,<50
Biobío,2021-05-19,50.27,41.78,<50
O’Higgins,2021-05-19,52.13,41.65,<50
Maule,2021-05-19,50.97,41.08,<50
Metropolitana,2021-05-19,45.7,36.26,<50
Aysén,2021-05-20,48.57,39.38,<50
Antofagasta,2021-05-20,43.7,33.87,<50
Arica y Parinacota,2021-05-20,42.05,32.8,<50
Atacama,2021-05-20,46.58,36.12,<50
Coquimbo,2021-05-20,47.74,37.85,<50
Araucanía,2021-05-20,50.16,40.99,<50
Los Lagos,2021-05-20,48.97,40.02,<50
Los Ríos,2021-05-20,50.63,42.68,<50
Magallanes,2021-05-20,58.73,50.22,50-69
Tarapacá,2021-05-20,42.1,33.15,<50
Valparaíso,2021-05-20,53.69,43.99,<50
Ñuble,2021-05-20,56.59,47.23,<50
Biobío,2021-05-20,50.76,42.04,<50
O’Higgins,2021-05-20,53.2,42.03,<50
Maule,2021-05-20,51.71,41.4,<50
Metropolitana,2021-05-20,46.33,36.58,<50
Aysén,2021-05-21,48.57,39.38,<50
Antofagasta,2021-05-21,43.78,33.89,<50
Arica y Parinacota,2021-05-21,42.12,32.82,<50
Atacama,2021-05-21,46.58,36.12,<50
Coquimbo,2021-05-21,47.74,37.85,<50
Araucanía,2021-05-21,50.26,41.01,<50
Los Lagos,2021-05-21,48.97,40.02,<50
Los Ríos,2021-05-21,50.76,42.69,<50
Magallanes,2021-05-21,58.73,50.23,50-69
Tarapacá,2021-05-21,42.13,33.16,<50
Valparaíso,2021-05-21,53.69,43.99,<50
Ñuble,2021-05-21,56.62,47.23,<50
Biobío,2021-05-21,50.76,42.04,<50
O’Higgins,2021-05-21,53.43,42.04,<50
Maule,2021-05-21,51.74,41.4,<50
Metropolitana,2021-05-21,46.36,36.58,<50
Aysén,2021-05-22,48.96,39.43,<50
Antofagasta,2021-05-22,43.92,33.93,<50
Arica y Parinacota,2021-05-22,42.43,32.88,<50
Atacama,2021-05-22,46.64,36.12,<50
Coquimbo,2021-05-22,47.77,37.86,<50
Araucanía,2021-05-22,50.39,41.04,<50
Los Lagos,2021-05-22,48.99,40.02,<50
Los Ríos,2021-05-22,50.92,42.72,<50
Magallanes,2021-05-22,58.73,50.23,50-69
Tarapacá,2021-05-22,42.31,33.24,<50
Valparaíso,2021-05-22,53.81,44.01,<50
Ñuble,2021-05-22,56.7,47.24,<50
Biobío,2021-05-22,50.93,42.07,<50
O’Higgins,2021-05-22,53.48,42.04,<50
Maule,2021-05-22,51.87,41.42,<50
Metropolitana,2021-05-22,46.52,36.63,<50
Aysén,2021-05-23,48.96,39.43,<50
Antofagasta,2021-05-23,43.95,33.93,<50
Arica y Parinacota,2021-05-23,42.43,32.88,<50
Atacama,2021-05-23,46.64,36.12,<50
Coquimbo,2021-05-23,47.77,37.86,<50
Araucanía,2021-05-23,50.39,41.04,<50
Los Lagos,2021-05-23,48.99,40.02,<50
Los Ríos,2021-05-23,50.93,42.72,<50
Magallanes,2021-05-23,58.73,50.23,50-69
Tarapacá,2021-05-23,42.33,33.24,<50
Valparaíso,2021-05-23,53.82,44.01,<50
Ñuble,2021-05-23,56.73,47.25,<50
Biobío,2021-05-23,50.97,42.08,<50
O’Higgins,2021-05-23,53.48,42.04,<50
Maule,2021-05-23,51.97,41.43,<50
Metropolitana,2021-05-23,46.54,36.63,<50
Aysén,2021-05-24,50.37,39.8,<50
Antofagasta,2021-05-24,44.96,34.19,<50
Arica y Parinacota,2021-05-24,43.22,33.21,<50
Atacama,2021-05-24,47.59,36.47,<50
Coquimbo,2021-05-24,48.61,38.25,<50
Araucanía,2021-05-24,51.24,41.42,<50
Los Lagos,2021-05-24,49.87,40.34,<50
Los Ríos,2021-05-24,51.74,42.95,<50
Magallanes,2021-05-24,59.63,50.45,50-69
Tarapacá,2021-05-24,43.13,33.69,<50
Valparaíso,2021-05-24,54.68,44.4,<50
Ñuble,2021-05-24,57.61,47.55,<50
Biobío,2021-05-24,51.76,42.4,<50
O’Higgins,2021-05-24,54.45,42.31,<50
Maule,2021-05-24,52.92,41.7,<50
Metropolitana,2021-05-24,47.44,36.91,<50
Aysén,2021-05-25,51.78,40.13,<50
Antofagasta,2021-05-25,46.07,34.43,<50
Arica y Parinacota,2021-05-25,44.17,33.53,<50
Atacama,2021-05-25,48.71,36.91,<50
Coquimbo,2021-05-25,49.68,38.57,<50
Araucanía,2021-05-25,52.18,41.74,<50
Los Lagos,2021-05-25,50.84,40.74,<50
Los Ríos,2021-05-25,52.76,43.18,<50
Magallanes,2021-05-25,60.38,50.92,50-69
Tarapacá,2021-05-25,43.96,34.1,<50
Valparaíso,2021-05-25,55.59,44.73,<50
Ñuble,2021-05-25,58.52,47.79,<50
Biobío,2021-05-25,52.64,42.66,<50
O’Higgins,2021-05-25,55.5,42.58,<50
Maule,2021-05-25,54.02,41.94,<50
Metropolitana,2021-05-25,48.38,37.18,<50
Aysén,2021-05-26,52.96,40.55,<50
Antofagasta,2021-05-26,46.9,34.58,<50
Arica y Parinacota,2021-05-26,44.97,33.78,<50
Atacama,2021-05-26,49.72,37.26,<50
Coquimbo,2021-05-26,50.62,38.91,<50
Araucanía,2021-05-26,53.1,41.98,<50
Los Lagos,2021-05-26,51.85,40.97,<50
Los Ríos,2021-05-26,53.65,43.34,<50
Magallanes,2021-05-26,61.17,51.37,50-69
Tarapacá,2021-05-26,44.72,34.52,<50
Valparaíso,2021-05-26,56.48,45.01,<50
Ñuble,2021-05-26,59.35,48.04,<50
Biobío,2021-05-26,53.5,42.9,<50
O’Higgins,2021-05-26,56.43,42.77,<50
Maule,2021-05-26,55.06,42.15,<50
Metropolitana,2021-05-26,49.3,37.41,<50
Aysén,2021-05-27,53.88,40.85,<50
Antofagasta,2021-05-27,47.82,34.73,<50
Arica y Parinacota,2021-05-27,45.86,34.06,<50
Atacama,2021-05-27,50.71,37.5,<50
Coquimbo,2021-05-27,51.5,39.18,<50
Araucanía,2021-05-27,53.87,42.22,<50
Los Lagos,2021-05-27,52.79,41.15,<50
Los Ríos,2021-05-27,54.48,43.51,<50
Magallanes,2021-05-27,61.9,51.64,50-69
Tarapacá,2021-05-27,45.35,34.87,<50
Valparaíso,2021-05-27,57.3,45.22,<50
Ñuble,2021-05-27,60.2,48.26,<50
Biobío,2021-05-27,54.29,43.1,<50
O’Higgins,2021-05-27,57.11,42.88,<50
Maule,2021-05-27,55.98,42.3,<50
Metropolitana,2021-05-27,50.16,37.57,<50
Aysén,2021-05-28,55.0,41.31,<50
Antofagasta,2021-05-28,48.65,34.93,<50
Arica y Parinacota,2021-05-28,46.57,34.28,<50
Atacama,2021-05-28,51.43,37.7,<50
Coquimbo,2021-05-28,52.23,39.38,<50
Araucanía,2021-05-28,54.51,42.45,<50
Los Lagos,2021-05-28,53.63,41.27,<50
Los Ríos,2021-05-28,55.2,43.7,<50
Magallanes,2021-05-28,62.48,51.86,50-69
Tarapacá,2021-05-28,45.99,35.15,<50
Valparaíso,2021-05-28,57.92,45.4,<50
Ñuble,2021-05-28,60.89,48.43,<50
Biobío,2021-05-28,54.98,43.34,<50
O’Higgins,2021-05-28,57.93,43.12,<50
Maule,2021-05-28,56.9,42.51,<50
Metropolitana,2021-05-28,50.9,37.77,<50
Aysén,2021-05-29,55.31,41.36,<50
Antofagasta,2021-05-29,48.69,34.94,<50
Arica y Parinacota,2021-05-29,46.73,34.3,<50
Atacama,2021-05-29,51.43,37.7,<50
Coquimbo,2021-05-29,52.27,39.39,<50
Araucanía,2021-05-29,54.54,42.45,<50
Los Lagos,2021-05-29,53.65,41.27,<50
Los Ríos,2021-05-29,55.21,43.71,<50
Magallanes,2021-05-29,62.68,51.86,50-69
Tarapacá,2021-05-29,46.23,35.21,<50
Valparaíso,2021-05-29,58.06,45.42,<50
Ñuble,2021-05-29,61.03,48.43,<50
Biobío,2021-05-29,55.24,43.37,<50
O’Higgins,2021-05-29,58.02,43.13,<50
Maule,2021-05-29,57.12,42.53,<50
Metropolitana,2021-05-29,51.23,37.82,<50
Aysén,2021-05-30,55.31,41.36,<50
Antofagasta,2021-05-30,48.71,34.94,<50
Arica y Parinacota,2021-05-30,46.73,34.3,<50
Atacama,2021-05-30,51.43,37.7,<50
Coquimbo,2021-05-30,52.27,39.39,<50
Araucanía,2021-05-30,54.54,42.45,<50
Los Lagos,2021-05-30,53.65,41.27,<50
Los Ríos,2021-05-30,55.21,43.71,<50
Magallanes,2021-05-30,62.93,51.86,50-69
Tarapacá,2021-05-30,46.27,35.22,<50
Valparaíso,2021-05-30,58.06,45.42,<50
Ñuble,2021-05-30,61.05,48.44,<50
Biobío,2021-05-30,55.32,43.38,<50
O’Higgins,2021-05-30,58.03,43.13,<50
Maule,2021-05-30,57.18,42.53,<50
Metropolitana,2021-05-30,51.3,37.83,<50
Aysén,2021-05-31,56.45,41.83,<50
Antofagasta,2021-05-31,49.62,35.25,<50
Arica y Parinacota,2021-05-31,47.54,34.59,<50
Atacama,2021-05-31,52.34,38.22,<50
Coquimbo,2021-05-31,53.03,39.76,<50
Araucanía,2021-05-31,55.27,42.77,<50
Los Lagos,2021-05-31,54.49,41.58,<50
Los Ríos,2021-05-31,55.83,43.92,<50
Magallanes,2021-05-31,63.4,52.06,50-69
Tarapacá,2021-05-31,46.95,35.63,<50
Valparaíso,2021-05-31,58.73,45.7,<50
Ñuble,2021-05-31,61.89,48.74,<50
Biobío,2021-05-31,56.09,43.72,<50
O’Higgins,2021-05-31,58.82,43.56,<50
Maule,2021-05-31,58.06,42.86,<50
Metropolitana,2021-05-31,52.11,38.09,<50
Aysén,2021-06-01,57.48,42.4,<50
Antofagasta,2021-06-01,50.36,35.98,<50
Arica y Parinacota,2021-06-01,48.29,35.06,<50
Atacama,2021-06-01,53.24,38.73,<50
Coquimbo,2021-06-01,53.95,40.49,<50
Araucanía,2021-06-01,56.11,43.13,<50
Los Lagos,2021-06-01,55.34,42.0,<50
Los Ríos,2021-06-01,56.69,44.34,<50
Magallanes,2021-06-01,63.85,52.43,50-69
Tarapacá,2021-06-01,47.53,36.01,<50
Valparaíso,2021-06-01,59.47,46.1,<50
Ñuble,2021-06-01,62.64,49.07,50-69
Biobío,2021-06-01,56.79,44.09,<50
O’Higgins,2021-06-01,59.65,44.04,<50
Maule,2021-06-01,58.85,43.58,<50
Metropolitana,2021-06-01,52.84,38.41,<50
Aysén,2021-06-02,58.41,43.0,<50
Antofagasta,2021-06-02,51.09,36.79,<50
Arica y Parinacota,2021-06-02,48.49,35.27,<50
Atacama,2021-06-02,53.99,39.16,<50
Coquimbo,2021-06-02,54.75,41.27,<50
Araucanía,2021-06-02,56.87,43.54,<50
Los Lagos,2021-06-02,56.11,42.44,<50
Los Ríos,2021-06-02,57.38,44.81,<50
Magallanes,2021-06-02,64.36,52.84,50-69
Tarapacá,2021-06-02,48.07,36.36,<50
Valparaíso,2021-06-02,60.14,46.56,<50
Ñuble,2021-06-02,63.24,49.39,50-69
Biobío,2021-06-02,57.49,44.49,<50
O’Higgins,2021-06-02,60.25,44.62,<50
Maule,2021-06-02,59.61,44.26,<50
Metropolitana,2021-06-02,53.48,38.86,<50
Aysén,2021-06-03,59.15,43.73,<50
Antofagasta,2021-06-03,51.69,37.37,<50
Arica y Parinacota,2021-06-03,48.85,35.95,<50
Atacama,2021-06-03,54.56,39.68,<50
Coquimbo,2021-06-03,55.36,41.84,<50
Araucanía,2021-06-03,57.35,43.97,<50
Los Lagos,2021-06-03,56.56,42.82,<50
Los Ríos,2021-06-03,57.91,45.32,<50
Magallanes,2021-06-03,64.77,53.5,50-69
Tarapacá,2021-06-03,48.52,36.67,<50
Valparaíso,2021-06-03,60.64,47.24,<50
Ñuble,2021-06-03,63.71,49.76,50-69
Biobío,2021-06-03,57.96,44.86,<50
O’Higgins,2021-06-03,60.75,45.3,<50
Maule,2021-06-03,60.17,44.86,<50
Metropolitana,2021-06-03,53.92,39.43,<50
Aysén,2021-06-04,59.64,44.25,<50
Antofagasta,2021-06-04,52.23,37.79,<50
Arica y Parinacota,2021-06-04,49.1,36.48,<50
Atacama,2021-06-04,54.88,39.99,<50
Coquimbo,2021-06-04,55.88,42.29,<50
Araucanía,2021-06-04,57.79,44.46,<50
Los Lagos,2021-06-04,57.08,43.1,<50
Los Ríos,2021-06-04,58.31,45.73,<50
Magallanes,2021-06-04,65.07,54.06,50-69
Tarapacá,2021-06-04,48.92,37.02,<50
Valparaíso,2021-06-04,60.98,47.86,<50
Ñuble,2021-06-04,64.12,50.14,50-69
Biobío,2021-06-04,58.37,45.24,<50
O’Higgins,2021-06-04,61.23,45.92,<50
Maule,2021-06-04,60.63,45.4,<50
Metropolitana,2021-06-04,54.25,40.02,<50
Aysén,2021-06-05,59.76,44.36,<50
Antofagasta,2021-06-05,52.31,37.84,<50
Arica y Parinacota,2021-06-05,49.15,36.56,<50
Atacama,2021-06-05,54.89,39.99,<50
Coquimbo,2021-06-05,55.93,42.32,<50
Araucanía,2021-06-05,57.85,44.49,<50
Los Lagos,2021-06-05,57.15,43.13,<50
Los Ríos,2021-06-05,58.35,45.77,<50
Magallanes,2021-06-05,65.33,54.33,50-69
Tarapacá,2021-06-05,49.1,37.1,<50
Valparaíso,2021-06-05,61.08,47.96,<50
Ñuble,2021-06-05,64.2,50.18,50-69
Biobío,2021-06-05,58.5,45.33,<50
O’Higgins,2021-06-05,61.27,45.95,<50
Maule,2021-06-05,60.76,45.47,<50
Metropolitana,2021-06-05,54.43,40.21,<50
Aysén,2021-06-06,59.83,44.42,<50
Antofagasta,2021-06-06,52.32,37.85,<50
Arica y Parinacota,2021-06-06,49.15,36.56,<50
Atacama,2021-06-06,54.89,39.99,<50
Coquimbo,2021-06-06,55.93,42.32,<50
Araucanía,2021-06-06,57.85,44.49,<50
Los Lagos,2021-06-06,57.15,43.13,<50
Los Ríos,2021-06-06,58.36,45.78,<50
Magallanes,2021-06-06,65.72,54.72,50-69
Tarapacá,2021-06-06,49.11,37.1,<50
Valparaíso,2021-06-06,61.08,47.97,<50
Ñuble,2021-06-06,64.21,50.19,50-69
Biobío,2021-06-06,58.52,45.35,<50
O’Higgins,2021-06-06,61.27,45.95,<50
Maule,2021-06-06,60.77,45.47,<50
Metropolitana,2021-06-06,54.45,40.23,<50
Aysén,2021-06-07,60.37,45.03,<50
Antofagasta,2021-06-07,52.82,38.45,<50
Arica y Parinacota,2021-06-07,49.22,36.64,<50
Atacama,2021-06-07,55.4,40.6,<50
Coquimbo,2021-06-07,56.49,42.86,<50
Araucanía,2021-06-07,58.3,45.11,<50
Los Lagos,2021-06-07,57.72,43.64,<50
Los Ríos,2021-06-07,58.8,46.21,<50
Magallanes,2021-06-07,65.98,55.3,50-69
Tarapacá,2021-06-07,49.56,37.56,<50
Valparaíso,2021-06-07,61.52,48.7,<50
Ñuble,2021-06-07,64.62,50.69,50-69
Biobío,2021-06-07,58.9,45.9,<50
O’Higgins,2021-06-07,61.8,46.74,<50
Maule,2021-06-07,61.2,46.07,<50
Metropolitana,2021-06-07,54.81,40.94,<50
Aysén,2021-06-08,61.02,45.79,<50
Antofagasta,2021-06-08,53.33,38.99,<50
Arica y Parinacota,2021-06-08,49.82,37.31,<50
Atacama,2021-06-08,55.97,41.27,<50
Coquimbo,2021-06-08,56.98,43.37,<50
Araucanía,2021-06-08,58.69,45.73,<50
Los Lagos,2021-06-08,58.35,44.18,<50
Los Ríos,2021-06-08,59.25,46.79,<50
Magallanes,2021-06-08,66.3,56.13,50-69
Tarapacá,2021-06-08,49.94,37.96,<50
Valparaíso,2021-06-08,61.96,49.4,50-69
Ñuble,2021-06-08,65.02,51.2,50-69
Biobío,2021-06-08,59.21,46.44,<50
O’Higgins,2021-06-08,62.27,47.44,<50
Maule,2021-06-08,61.6,46.69,<50
Metropolitana,2021-06-08,55.16,41.61,<50
Aysén,2021-06-09,61.81,46.49,<50
Antofagasta,2021-06-09,53.95,39.48,<50
Arica y Parinacota,2021-06-09,50.49,37.84,<50
Atacama,2021-06-09,56.54,41.88,<50
Coquimbo,2021-06-09,57.5,43.82,<50
Araucanía,2021-06-09,59.2,46.35,<50
Los Lagos,2021-06-09,58.99,44.7,<50
Los Ríos,2021-06-09,59.78,47.3,<50
Magallanes,2021-06-09,66.65,56.77,50-69
Tarapacá,2021-06-09,50.34,38.35,<50
Valparaíso,2021-06-09,62.44,50.03,50-69
Ñuble,2021-06-09,65.49,51.74,50-69
Biobío,2021-06-09,59.66,46.99,<50
O’Higgins,2021-06-09,62.82,48.07,<50
Maule,2021-06-09,62.11,47.3,<50
Metropolitana,2021-06-09,55.57,42.24,<50
Aysén,2021-06-10,62.64,47.12,<50
Antofagasta,2021-06-10,54.56,39.95,<50
Arica y Parinacota,2021-06-10,51.28,38.45,<50
Atacama,2021-06-10,57.01,42.28,<50
Coquimbo,2021-06-10,58.05,44.28,<50
Araucanía,2021-06-10,59.74,46.9,<50
Los Lagos,2021-06-10,59.62,45.18,<50
Los Ríos,2021-06-10,60.29,47.71,<50
Magallanes,2021-06-10,67.14,57.6,50-69
Tarapacá,2021-06-10,50.74,38.71,<50
Valparaíso,2021-06-10,63.02,50.62,50-69
Ñuble,2021-06-10,65.97,52.21,50-69
Biobío,2021-06-10,60.19,47.49,<50
O’Higgins,2021-06-10,63.41,48.62,<50
Maule,2021-06-10,62.68,47.82,<50
Metropolitana,2021-06-10,56.11,42.81,<50
Aysén,2021-06-11,63.21,47.71,<50
Antofagasta,2021-06-11,55.07,40.43,<50
Arica y Parinacota,2021-06-11,51.95,38.94,<50
Atacama,2021-06-11,57.5,42.61,<50
Coquimbo,2021-06-11,58.48,44.71,<50
Araucanía,2021-06-11,60.18,47.44,<50
Los Lagos,2021-06-11,60.07,45.54,<50
Los Ríos,2021-06-11,60.67,48.09,<50
Magallanes,2021-06-11,67.59,58.41,50-69
Tarapacá,2021-06-11,51.08,39.09,<50
Valparaíso,2021-06-11,63.47,51.12,50-69
Ñuble,2021-06-11,66.33,52.69,50-69
Biobío,2021-06-11,60.58,47.95,<50
O’Higgins,2021-06-11,63.9,49.22,50-69
Maule,2021-06-11,63.07,48.38,<50
Metropolitana,2021-06-11,56.52,43.33,<50
Aysén,2021-06-12,63.3,47.82,<50
Antofagasta,2021-06-12,55.25,40.52,<50
Arica y Parinacota,2021-06-12,52.17,39.03,<50
Atacama,2021-06-12,57.53,42.63,<50
Coquimbo,2021-06-12,58.53,44.73,<50
Araucanía,2021-06-12,60.21,47.45,<50
Los Lagos,2021-06-12,60.14,45.55,<50
Los Ríos,2021-06-12,60.68,48.1,<50
Magallanes,2021-06-12,67.59,58.41,50-69
Tarapacá,2021-06-12,51.2,39.14,<50
Valparaíso,2021-06-12,63.57,51.15,50-69
Ñuble,2021-06-12,66.44,52.74,50-69
Biobío,2021-06-12,60.71,48.02,<50
O’Higgins,2021-06-12,63.97,49.24,50-69
Maule,2021-06-12,63.1,48.39,<50
Metropolitana,2021-06-12,56.68,43.39,<50
Aysén,2021-06-13,63.36,47.84,<50
Antofagasta,2021-06-13,55.25,40.53,<50
Arica y Parinacota,2021-06-13,52.17,39.03,<50
Atacama,2021-06-13,57.53,42.63,<50
Coquimbo,2021-06-13,58.53,44.73,<50
Araucanía,2021-06-13,60.21,47.45,<50
Los Lagos,2021-06-13,60.14,45.55,<50
Los Ríos,2021-06-13,60.68,48.1,<50
Magallanes,2021-06-13,67.61,58.43,50-69
Tarapacá,2021-06-13,51.2,39.14,<50
Valparaíso,2021-06-13,63.57,51.16,50-69
Ñuble,2021-06-13,66.46,52.75,50-69
Biobío,2021-06-13,60.71,48.02,<50
O’Higgins,2021-06-13,63.97,49.24,50-69
Maule,2021-06-13,63.1,48.39,<50
Metropolitana,2021-06-13,56.7,43.4,<50
Aysén,2021-06-14,63.86,48.52,<50
Antofagasta,2021-06-14,55.8,41.14,<50
Arica y Parinacota,2021-06-14,52.84,39.42,<50
Atacama,2021-06-14,57.99,43.15,<50
Coquimbo,2021-06-14,59.12,45.26,<50
Araucanía,2021-06-14,60.76,47.99,<50
Los Lagos,2021-06-14,60.72,46.25,<50
Los Ríos,2021-06-14,61.2,48.51,<50
Magallanes,2021-06-14,67.92,59.14,50-69
Tarapacá,2021-06-14,51.65,39.52,<50
Valparaíso,2021-06-14,64.18,51.72,50-69
Ñuble,2021-06-14,66.93,53.21,50-69
Biobío,2021-06-14,61.25,48.56,<50
O’Higgins,2021-06-14,64.6,49.92,50-69
Maule,2021-06-14,63.57,48.93,<50
Metropolitana,2021-06-14,57.25,44.03,<50
Aysén,2021-06-15,64.3,49.27,50-69
Antofagasta,2021-06-15,56.31,41.79,<50
Arica y Parinacota,2021-06-15,53.47,39.94,<50
Atacama,2021-06-15,58.33,43.57,<50
Coquimbo,2021-06-15,59.67,45.86,<50
Araucanía,2021-06-15,61.2,48.52,<50
Los Lagos,2021-06-15,61.31,47.03,<50
Los Ríos,2021-06-15,61.72,48.99,<50
Magallanes,2021-06-15,68.21,59.82,50-69
Tarapacá,2021-06-15,51.97,39.89,<50
Valparaíso,2021-06-15,64.64,52.3,50-69
Ñuble,2021-06-15,67.31,53.96,50-69
Biobío,2021-06-15,61.68,49.1,50-69
O’Higgins,2021-06-15,65.07,50.67,50-69
Maule,2021-06-15,64.03,49.63,50-69
Metropolitana,2021-06-15,57.66,44.67,<50
Aysén,2021-06-16,64.71,50.05,50-69
Antofagasta,2021-06-16,56.9,42.42,<50
Arica y Parinacota,2021-06-16,54.08,40.43,<50
Atacama,2021-06-16,58.69,44.1,<50
Coquimbo,2021-06-16,60.24,46.39,<50
Araucanía,2021-06-16,61.72,49.07,50-69
Los Lagos,2021-06-16,61.9,47.72,<50
Los Ríos,2021-06-16,62.18,49.51,50-69
Magallanes,2021-06-16,68.53,60.56,50-69
Tarapacá,2021-06-16,52.34,40.26,<50
Valparaíso,2021-06-16,65.21,52.87,50-69
Ñuble,2021-06-16,67.72,54.83,50-69
Biobío,2021-06-16,62.22,49.63,50-69
O’Higgins,2021-06-16,65.61,51.47,50-69
Maule,2021-06-16,64.54,50.29,50-69
Metropolitana,2021-06-16,58.2,45.22,<50
